-- MySQL dump 10.13  Distrib 5.5.50, for debian-linux-gnu (x86_64)
--
-- Host: localhost    Database: ebrs_hq_mig
-- ------------------------------------------------------
-- Server version	5.5.50-0ubuntu0.14.04.1

/*!40101 SET @OLD_CHARACTER_SET_CLIENT=@@CHARACTER_SET_CLIENT */;
/*!40101 SET @OLD_CHARACTER_SET_RESULTS=@@CHARACTER_SET_RESULTS */;
/*!40101 SET @OLD_COLLATION_CONNECTION=@@COLLATION_CONNECTION */;
/*!40101 SET NAMES utf8 */;
/*!40103 SET @OLD_TIME_ZONE=@@TIME_ZONE */;
/*!40103 SET TIME_ZONE='+00:00' */;
/*!40014 SET @OLD_UNIQUE_CHECKS=@@UNIQUE_CHECKS, UNIQUE_CHECKS=0 */;
/*!40014 SET @OLD_FOREIGN_KEY_CHECKS=@@FOREIGN_KEY_CHECKS, FOREIGN_KEY_CHECKS=0 */;
/*!40101 SET @OLD_SQL_MODE=@@SQL_MODE, SQL_MODE='NO_AUTO_VALUE_ON_ZERO' */;
/*!40111 SET @OLD_SQL_NOTES=@@SQL_NOTES, SQL_NOTES=0 */;

--
-- Dumping data for table `core_person`
--

LOCK TABLES `core_person` WRITE;
/*!40000 ALTER TABLE `core_person` DISABLE KEYS */;
INSERT INTO `core_person` VALUES (1003561,6,'2017-11-22 12:30:53','2017-11-22 12:30:53'),(1003562,6,'2017-11-22 12:31:13','2017-11-22 12:31:13'),(1003563,6,'2017-11-22 12:31:13','2017-11-22 12:31:13'),(1003564,6,'2017-11-22 12:31:13','2017-11-22 12:31:13'),(1003565,6,'2017-11-22 12:31:13','2017-11-22 12:31:13'),(1003566,6,'2017-11-22 12:31:13','2017-11-22 12:31:13'),(1003567,6,'2017-11-22 12:31:13','2017-11-22 12:31:13'),(1003568,6,'2017-11-22 12:31:13','2017-11-22 12:31:13'),(1003569,6,'2017-11-22 12:31:14','2017-11-22 12:31:14'),(10035610,6,'2017-11-22 12:31:14','2017-11-22 12:31:14'),(10035611,6,'2017-11-22 12:31:14','2017-11-22 12:31:14'),(10035612,6,'2017-11-22 12:31:14','2017-11-22 12:31:14'),(10035613,6,'2017-11-22 12:31:14','2017-11-22 12:31:14'),(10035614,6,'2017-11-22 12:31:14','2017-11-22 12:31:14'),(10035615,6,'2017-11-22 12:31:14','2017-11-22 12:31:14'),(10035616,6,'2017-11-22 12:31:14','2017-11-22 12:31:14'),(10035617,6,'2017-11-22 12:31:14','2017-11-22 12:31:14'),(10035618,6,'2017-11-22 12:31:14','2017-11-22 12:31:14'),(10035619,6,'2017-11-22 12:31:14','2017-11-22 12:31:14'),(10035620,6,'2017-11-22 12:31:15','2017-11-22 12:31:15'),(10035621,6,'2017-11-22 12:31:15','2017-11-22 12:31:15'),(10035622,6,'2017-11-22 12:31:15','2017-11-22 12:31:15'),(10035623,6,'2017-11-22 12:31:15','2017-11-22 12:31:15'),(10035624,6,'2017-11-22 12:31:15','2017-11-22 12:31:15'),(10035625,6,'2017-11-22 12:31:15','2017-11-22 12:31:15'),(10035626,6,'2017-11-22 12:31:15','2017-11-22 12:31:15'),(10035627,6,'2017-11-22 12:31:15','2017-11-22 12:31:15'),(10035628,6,'2017-11-22 12:31:15','2017-11-22 12:31:15'),(10035629,6,'2017-11-22 12:31:15','2017-11-22 12:31:15'),(10035630,6,'2017-11-22 12:31:15','2017-11-22 12:31:15'),(10035631,6,'2017-11-22 12:31:16','2017-11-22 12:31:16'),(10035632,6,'2017-11-22 12:31:16','2017-11-22 12:31:16'),(10035633,6,'2017-11-22 12:31:16','2017-11-22 12:31:16'),(10035634,6,'2017-11-22 12:31:16','2017-11-22 12:31:16'),(10035635,6,'2017-11-22 12:31:16','2017-11-22 12:31:16'),(10035636,6,'2017-11-22 12:31:16','2017-11-22 12:31:16'),(10035637,6,'2017-11-22 12:31:16','2017-11-22 12:31:16'),(10035638,6,'2017-11-22 12:31:16','2017-11-22 12:31:16'),(10035639,6,'2017-11-22 12:31:16','2017-11-22 12:31:16'),(10035640,6,'2017-11-22 12:31:16','2017-11-22 12:31:16'),(10035641,6,'2017-11-22 12:31:17','2017-11-22 12:31:17'),(10035642,6,'2017-11-22 12:31:17','2017-11-22 12:31:17'),(10035643,6,'2017-11-22 12:31:17','2017-11-22 12:31:17'),(10035644,6,'2017-11-22 12:31:17','2017-11-22 12:31:17'),(10035645,6,'2017-11-22 12:31:17','2017-11-22 12:31:17'),(10035646,6,'2017-11-22 12:31:17','2017-11-22 12:31:17');
/*!40000 ALTER TABLE `core_person` ENABLE KEYS */;
UNLOCK TABLES;

--
-- Dumping data for table `person_name`
--

LOCK TABLES `person_name` WRITE;
/*!40000 ALTER TABLE `person_name` DISABLE KEYS */;
INSERT INTO `person_name` VALUES (1003561,1003561,'System',NULL,'Admin',0,NULL,NULL,NULL,'2017-11-22 12:30:53','2017-11-22 12:30:53'),(1003562,1003562,'EBRS',NULL,'Administrator',0,NULL,NULL,NULL,'2017-11-22 12:31:13','2017-11-22 12:31:13'),(1003563,1003563,'Agness',NULL,'Phiri',0,NULL,NULL,NULL,'2017-11-22 12:31:13','2017-11-22 12:31:13'),(1003564,1003564,'Bezittar',NULL,'Mnthambala',0,NULL,NULL,NULL,'2017-11-22 12:31:13','2017-11-22 12:31:13'),(1003565,1003565,'Bezittar',NULL,'MNTHAMBALA',0,NULL,NULL,NULL,'2017-11-22 12:31:13','2017-11-22 12:31:13'),(1003566,1003566,'Chisomo',NULL,'Mponda',0,NULL,NULL,NULL,'2017-11-22 12:31:13','2017-11-22 12:31:13'),(1003567,1003567,'Coliness',NULL,'Mwaungulu',0,NULL,NULL,NULL,'2017-11-22 12:31:13','2017-11-22 12:31:13'),(1003568,1003568,'Data ',NULL,'Checking',0,NULL,NULL,NULL,'2017-11-22 12:31:13','2017-11-22 12:31:13'),(1003569,1003569,'Datam',NULL,'Datam',0,NULL,NULL,NULL,'2017-11-22 12:31:14','2017-11-22 12:31:14'),(10035610,10035610,'Data',NULL,'HQ Data Manager',0,NULL,NULL,NULL,'2017-11-22 12:31:14','2017-11-22 12:31:14'),(10035611,10035611,'Data',NULL,'Supervisor',0,NULL,NULL,NULL,'2017-11-22 12:31:14','2017-11-22 12:31:14'),(10035612,10035612,'Kenan',NULL,'Mwenesongole',0,NULL,NULL,NULL,'2017-11-22 12:31:14','2017-11-22 12:31:14'),(10035613,10035613,'Ulemu',NULL,'Sonjo',0,NULL,NULL,NULL,'2017-11-22 12:31:14','2017-11-22 12:31:14'),(10035614,10035614,'Agness',NULL,'Phiri',0,NULL,NULL,NULL,'2017-11-22 12:31:14','2017-11-22 12:31:14'),(10035615,10035615,'Jimmy',NULL,'Sisya',0,NULL,NULL,NULL,'2017-11-22 12:31:14','2017-11-22 12:31:14'),(10035616,10035616,'Elvis',NULL,'Salagi',0,NULL,NULL,NULL,'2017-11-22 12:31:14','2017-11-22 12:31:14'),(10035617,10035617,'emmie',NULL,'emmie',0,NULL,NULL,NULL,'2017-11-22 12:31:14','2017-11-22 12:31:14'),(10035618,10035618,'Esther',NULL,'Munthali',0,NULL,NULL,NULL,'2017-11-22 12:31:14','2017-11-22 12:31:14'),(10035619,10035619,'Esther',NULL,'MUNTHALI',0,NULL,NULL,NULL,'2017-11-22 12:31:14','2017-11-22 12:31:14'),(10035620,10035620,'Esther',NULL,'KONDOWE',0,NULL,NULL,NULL,'2017-11-22 12:31:15','2017-11-22 12:31:15'),(10035621,10035621,'Francis',NULL,'Chinsinga',0,NULL,NULL,NULL,'2017-11-22 12:31:15','2017-11-22 12:31:15'),(10035622,10035622,'Kingsley',NULL,'GONDWE',0,NULL,NULL,NULL,'2017-11-22 12:31:15','2017-11-22 12:31:15'),(10035623,10035623,'thoko',NULL,'thoko',0,NULL,NULL,NULL,'2017-11-22 12:31:15','2017-11-22 12:31:15'),(10035624,10035624,'henry',NULL,'kumwenda',0,NULL,NULL,NULL,'2017-11-22 12:31:15','2017-11-22 12:31:15'),(10035625,10035625,'Joseph',NULL,'Taju',0,NULL,NULL,NULL,'2017-11-22 12:31:15','2017-11-22 12:31:15'),(10035626,10035626,'Kingsley ',NULL,'GONDWE',0,NULL,NULL,NULL,'2017-11-22 12:31:15','2017-11-22 12:31:15'),(10035627,10035627,'Kingsley',NULL,'Gondwe',0,NULL,NULL,NULL,'2017-11-22 12:31:15','2017-11-22 12:31:15'),(10035628,10035628,'Kenan',NULL,'Mwenesongole',0,NULL,NULL,NULL,'2017-11-22 12:31:15','2017-11-22 12:31:15'),(10035629,10035629,'Data',NULL,'Manager',0,NULL,NULL,NULL,'2017-11-22 12:31:15','2017-11-22 12:31:15'),(10035630,10035630,'matt',NULL,'kumbuyo',0,NULL,NULL,NULL,'2017-11-22 12:31:16','2017-11-22 12:31:16'),(10035631,10035631,'matthew',NULL,'matthew',0,NULL,NULL,NULL,'2017-11-22 12:31:16','2017-11-22 12:31:16'),(10035632,10035632,'Marlen',NULL,'CHAWANI',0,NULL,NULL,NULL,'2017-11-22 12:31:16','2017-11-22 12:31:16'),(10035633,10035633,'madalitso',NULL,'kamwendo',0,NULL,NULL,NULL,'2017-11-22 12:31:16','2017-11-22 12:31:16'),(10035634,10035634,'Mazikosi',NULL,'Mateyu',0,NULL,NULL,NULL,'2017-11-22 12:31:16','2017-11-22 12:31:16'),(10035635,10035635,'Esther',NULL,'Kondowe',0,NULL,NULL,NULL,'2017-11-22 12:31:16','2017-11-22 12:31:16'),(10035636,10035636,'Quality',NULL,'Supervisor',0,NULL,NULL,NULL,'2017-11-22 12:31:16','2017-11-22 12:31:16'),(10035637,10035637,'Norman',NULL,'Fulatira',0,NULL,NULL,NULL,'2017-11-22 12:31:16','2017-11-22 12:31:16'),(10035638,10035638,'Rhodric',NULL,'LANGWE',0,NULL,NULL,NULL,'2017-11-22 12:31:16','2017-11-22 12:31:16'),(10035639,10035639,'Rhodric',NULL,'Langwe',0,NULL,NULL,NULL,'2017-11-22 12:31:16','2017-11-22 12:31:16'),(10035640,10035640,'tho',NULL,'thoi',0,NULL,NULL,NULL,'2017-11-22 12:31:16','2017-11-22 12:31:16'),(10035641,10035641,'Tresphore',NULL,'Kang\'ombe',0,NULL,NULL,NULL,'2017-11-22 12:31:17','2017-11-22 12:31:17'),(10035642,10035642,'Ulemu',NULL,'Sonjo',0,NULL,NULL,NULL,'2017-11-22 12:31:17','2017-11-22 12:31:17'),(10035643,10035643,'viswayo',NULL,'mthini',0,NULL,NULL,NULL,'2017-11-22 12:31:17','2017-11-22 12:31:17'),(10035644,10035644,'vincent',NULL,'maganga',0,NULL,NULL,NULL,'2017-11-22 12:31:17','2017-11-22 12:31:17'),(10035645,10035645,'Wisdom',NULL,'Kasauka',0,NULL,NULL,NULL,'2017-11-22 12:31:17','2017-11-22 12:31:17'),(10035646,10035646,'yobu',NULL,'sauzande',0,NULL,NULL,NULL,'2017-11-22 12:31:17','2017-11-22 12:31:17');
/*!40000 ALTER TABLE `person_name` ENABLE KEYS */;
UNLOCK TABLES;

--
-- Dumping data for table `user_role`
--

LOCK TABLES `user_role` WRITE;
/*!40000 ALTER TABLE `user_role` DISABLE KEYS */;
INSERT INTO `user_role` VALUES (1003561,1003561,12),(1003562,1003562,12),(1003563,1003563,8),(1003564,1003564,8),(1003565,1003565,8),(1003566,1003566,8),(1003567,1003567,8),(1003568,1003568,8),(1003569,1003569,10),(10035610,10035610,10),(10035611,10035611,9),(10035612,10035612,8),(10035613,10035613,8),(10035614,10035614,8),(10035615,10035615,8),(10035616,10035616,10),(10035617,10035617,9),(10035618,10035618,10),(10035619,10035619,9),(10035620,10035620,10),(10035621,10035621,13),(10035622,10035622,12),(10035623,10035623,9),(10035624,10035624,10),(10035625,10035625,10),(10035626,10035626,10),(10035627,10035627,9),(10035628,10035628,8),(10035629,10035629,10),(10035630,10035630,9),(10035631,10035631,10),(10035632,10035632,10),(10035633,10035633,12),(10035634,10035634,8),(10035635,10035635,12),(10035636,10035636,11),(10035637,10035637,11),(10035638,10035638,10),(10035639,10035639,9),(10035640,10035640,11),(10035641,10035641,13),(10035642,10035642,8),(10035643,10035643,10),(10035644,10035644,12),(10035645,10035645,12),(10035646,10035646,12);
/*!40000 ALTER TABLE `user_role` ENABLE KEYS */;
UNLOCK TABLES;
/*!40103 SET TIME_ZONE=@OLD_TIME_ZONE */;

/*!40101 SET SQL_MODE=@OLD_SQL_MODE */;
/*!40014 SET FOREIGN_KEY_CHECKS=@OLD_FOREIGN_KEY_CHECKS */;
/*!40014 SET UNIQUE_CHECKS=@OLD_UNIQUE_CHECKS */;
/*!40101 SET CHARACTER_SET_CLIENT=@OLD_CHARACTER_SET_CLIENT */;
/*!40101 SET CHARACTER_SET_RESULTS=@OLD_CHARACTER_SET_RESULTS */;
/*!40101 SET COLLATION_CONNECTION=@OLD_COLLATION_CONNECTION */;
/*!40111 SET SQL_NOTES=@OLD_SQL_NOTES */;

-- Dump completed on 2017-11-22 14:48:17
-- MySQL dump 10.13  Distrib 5.5.50, for debian-linux-gnu (x86_64)
--
-- Host: localhost    Database: ebrs_hq_mig
-- ------------------------------------------------------
-- Server version	5.5.50-0ubuntu0.14.04.1

/*!40101 SET @OLD_CHARACTER_SET_CLIENT=@@CHARACTER_SET_CLIENT */;
/*!40101 SET @OLD_CHARACTER_SET_RESULTS=@@CHARACTER_SET_RESULTS */;
/*!40101 SET @OLD_COLLATION_CONNECTION=@@COLLATION_CONNECTION */;
/*!40101 SET NAMES utf8 */;
/*!40103 SET @OLD_TIME_ZONE=@@TIME_ZONE */;
/*!40103 SET TIME_ZONE='+00:00' */;
/*!40014 SET @OLD_UNIQUE_CHECKS=@@UNIQUE_CHECKS, UNIQUE_CHECKS=0 */;
/*!40014 SET @OLD_FOREIGN_KEY_CHECKS=@@FOREIGN_KEY_CHECKS, FOREIGN_KEY_CHECKS=0 */;
/*!40101 SET @OLD_SQL_MODE=@@SQL_MODE, SQL_MODE='NO_AUTO_VALUE_ON_ZERO' */;
/*!40111 SET @OLD_SQL_NOTES=@@SQL_NOTES, SQL_NOTES=0 */;

--
-- Dumping data for table `users`
--
-- WHERE:  location_id = 356

LOCK TABLES `users` WRITE;
/*!40000 ALTER TABLE `users` DISABLE KEYS */;
INSERT INTO `users` VALUES (1003561,356,'admin356',NULL,'$2a$10$GabNGcbhq3GvJmgdE.Zt3uFVewzthHFyu7gwXrBA/tpmUXViYqa2e',1003561,1003561,1,NULL,0,NULL,NULL,NULL,NULL,0,'abc',0,'2017-11-22 14:30:53','fb6920b1-cf80-11e7-b176-8cdcd4d503cf','2017-11-22 12:30:53','2017-11-22 12:30:53'),(1003562,356,'admin',NULL,'$2a$10$xSlmCdgUqNrODbv17mkgG.KoijcPK/s7CqNgAR7co29GFAne6khjG',1003561,1003562,1,NULL,0,NULL,NULL,NULL,'admin@baobabhealth.org',0,'abc',0,'2017-08-18 14:40:13','070cdb48-cf81-11e7-b176-8cdcd4d503cf','2017-11-22 12:31:13','2017-11-22 12:31:13'),(1003563,356,'aphiri',NULL,'$2a$10$fgRrt.qu7pv/4heS55oDre3NNMx190oMazOx4nFcRUV4excnUicDK',1003561,1003563,1,NULL,0,NULL,NULL,NULL,'aggiephiri91@gmail.com',0,'abc',0,'2017-10-30 07:57:31','071dde0a-cf81-11e7-b176-8cdcd4d503cf','2017-11-22 12:31:13','2017-11-22 12:31:13'),(1003564,356,'Bezittar',NULL,'$2a$10$6TykWl1QDCEFzkudS87VueBbBHY3yBV09Yee4K7xQxAN.w2BnaZXq',1003561,1003564,1,NULL,0,NULL,NULL,NULL,'bezittarmnthambala@yahoo.com',0,'abc',0,'2017-11-14 07:35:27','072ca945-cf81-11e7-b176-8cdcd4d503cf','2017-11-22 12:31:13','2017-11-22 12:31:13'),(1003565,356,'bmnthambala',NULL,'$2a$10$JxfiTeEnrsrix85gRbdimOdPlpJtNvZSJtsEKelPX/zMJr0RpE8cK',1003561,1003565,1,NULL,0,NULL,NULL,NULL,'bezitamnthambala@yahoo.com',0,'abc',0,'2017-11-14 11:46:15','073af328-cf81-11e7-b176-8cdcd4d503cf','2017-11-22 12:31:13','2017-11-22 12:31:13'),(1003566,356,'cmponda',NULL,'$2a$10$syClDsDR9B6gg89nt3HMSun02jeSs9JBEYcvDNL09hd1baOROHVTa',1003561,1003566,1,NULL,0,NULL,NULL,NULL,'',0,'abc',0,'2016-08-18 06:28:41','0749adec-cf81-11e7-b176-8cdcd4d503cf','2017-11-22 12:31:13','2017-11-22 12:31:13'),(1003567,356,'cmwaungulu',NULL,'$2a$10$PkLTJdaHh76CG2IAv9TvcO9kpTSh1usbbzQZUKL7NeR0/qeVASY7y',1003561,1003567,1,NULL,0,NULL,NULL,NULL,'c',0,'abc',0,'2017-11-01 08:37:20','0756f3fe-cf81-11e7-b176-8cdcd4d503cf','2017-11-22 12:31:13','2017-11-22 12:31:13'),(1003568,356,'datac',NULL,'$2a$10$csdL2MKiL.Q57JL/8Fws4ezDFATQ26Oo722kQIlGLoKcnLjiP6b7O',1003561,1003568,0,NULL,0,NULL,NULL,NULL,'',0,'abc',0,'2017-01-05 12:31:04','07645dcd-cf81-11e7-b176-8cdcd4d503cf','2017-11-22 12:31:13','2017-11-22 12:31:13'),(1003569,356,'datam',NULL,'$2a$10$1H3YnyTP.qp3k4PqVDKpOuW2XRP4/cBjyXO/tMhbtQc9Y7YWeKDbe',1003561,1003569,0,NULL,0,NULL,NULL,NULL,'',0,'abc',0,'2016-07-25 05:48:44','0771fa85-cf81-11e7-b176-8cdcd4d503cf','2017-11-22 12:31:14','2017-11-22 12:31:14'),(10035610,356,'datam1`',NULL,'$2a$10$UnI157JI0Y79vgJ3oF.7Dug6hf.F8pHWlzSWuNStX2mfD5oSY8H1C',1003561,10035610,0,NULL,0,NULL,NULL,NULL,'',0,'abc',0,NULL,'077f8123-cf81-11e7-b176-8cdcd4d503cf','2017-11-22 12:31:14','2017-11-22 12:31:14'),(10035611,356,'datas',NULL,'$2a$10$17t4i6rlmY2i.umH7SwWhux.Erj.RxvhYfK1VWU.XU6kKrLPcYRay',1003561,10035611,0,NULL,0,NULL,NULL,NULL,'',0,'abc',0,'2017-01-05 12:31:04','078d1095-cf81-11e7-b176-8cdcd4d503cf','2017-11-22 12:31:14','2017-11-22 12:31:14'),(10035612,356,'dc3',NULL,'$2a$10$vefjG2kSkQN0UWBIF3K5u.vcxEekE9pki3E2BNOXIENj7qtSlWmqq',1003561,10035612,0,NULL,0,NULL,NULL,NULL,'',0,'abc',0,'2017-01-05 12:31:04','079aa2e9-cf81-11e7-b176-8cdcd4d503cf','2017-11-22 12:31:14','2017-11-22 12:31:14'),(10035613,356,'dc4',NULL,'$2a$10$ELBWr4onLCl.r9T1igAKfORYr9D1PGykNUmI83gU14XoiHJ2XUa9W',1003561,10035613,0,NULL,0,NULL,NULL,NULL,'',0,'abc',0,'2017-01-05 12:31:04','07a88947-cf81-11e7-b176-8cdcd4d503cf','2017-11-22 12:31:14','2017-11-22 12:31:14'),(10035614,356,'dcc1',NULL,'$2a$10$zG7c/cmRKVc8YWq5xSeDQePhTiGcgwsPMd15TZZQu0gTP8GSkk8Ly',1003561,10035614,0,NULL,0,NULL,NULL,NULL,'aggiechiphale@yahoo.com',0,'abc',0,'2017-01-05 12:31:04','07b8094b-cf81-11e7-b176-8cdcd4d503cf','2017-11-22 12:31:14','2017-11-22 12:31:14'),(10035615,356,'dcc2',NULL,'$2a$10$o2b9fAEQqY72vaYsA1mOzusVIjDkDeCbLMX22BakfkX7jdNpFed8a',1003561,10035615,0,NULL,0,NULL,NULL,NULL,'',0,'abc',0,'2017-01-05 12:49:05','07c6e3a3-cf81-11e7-b176-8cdcd4d503cf','2017-11-22 12:31:14','2017-11-22 12:31:14'),(10035616,356,'elvis1',NULL,'$2a$10$J6nyTF8ckBFI7rW89S17c..vW66Sc3/1P4fIO3GB7W0OKQlYvc5uy',1003561,10035616,1,NULL,0,NULL,NULL,NULL,'',0,'abc',0,NULL,'07d5a9c7-cf81-11e7-b176-8cdcd4d503cf','2017-11-22 12:31:14','2017-11-22 12:31:14'),(10035617,356,'emmie',NULL,'$2a$10$1mf/ouBLmZrx7yb4mKEnnOxDcsNkfA59SO6TJ.BSDx.CApcUVEgZq',1003561,10035617,0,NULL,0,NULL,NULL,NULL,'',0,'abc',0,'2017-01-05 12:31:04','07e37145-cf81-11e7-b176-8cdcd4d503cf','2017-11-22 12:31:14','2017-11-22 12:31:14'),(10035618,356,'emunthali',NULL,'$2a$10$IY1BaaUmywNRsrGf/bz24e.FqZHe3QTXhjllEinQ0K1G9bh9Gzwjm',1003561,10035618,1,NULL,0,NULL,NULL,NULL,'esthermunthali@yahoo.com',0,'abc',0,'2017-11-09 13:17:11','07f1c425-cf81-11e7-b176-8cdcd4d503cf','2017-11-22 12:31:14','2017-11-22 12:31:14'),(10035619,356,'emunthali1',NULL,'$2a$10$CpM5TJrNenrNcyK3ZRsQ.uKiE8WMT10Q8LLmiHo2aHpMcsGczMobu',1003561,10035619,1,NULL,0,NULL,NULL,NULL,'nemamunthali@gmail.com',0,'abc',0,'2017-10-23 08:12:29','08029fbc-cf81-11e7-b176-8cdcd4d503cf','2017-11-22 12:31:15','2017-11-22 12:31:15'),(10035620,356,'esther1',NULL,'$2a$10$79alG3/aDFPB4/NUZWjVcu0Ljr2hcLzKGtqh7ZKs8CUDxZu/6ETsC',1003561,10035620,1,NULL,0,NULL,NULL,NULL,'esterenyamnyirongo@gmail.com',0,'abc',0,NULL,'08114231-cf81-11e7-b176-8cdcd4d503cf','2017-11-22 12:31:15','2017-11-22 12:31:15'),(10035621,356,'fchinsinga',NULL,'$2a$10$WznJI5XDtR6BKLHmld3sieVeKN4RJ70NrqwkW8tv2N1N8FBndcxzu',1003561,10035621,1,NULL,0,NULL,NULL,NULL,'fchinsinga@yahoo.com',0,'abc',0,'2017-06-05 10:51:07','08203b82-cf81-11e7-b176-8cdcd4d503cf','2017-11-22 12:31:15','2017-11-22 12:31:15'),(10035622,356,'gondwe1',NULL,'$2a$10$igPYFPKvGf/FyRCtuvCcGu4mDo2ZOznh2WvFpmBsyz/edfCCheeuC',1003561,10035622,1,NULL,0,NULL,NULL,NULL,'gondweking@gmail.com',0,'abc',0,'2017-10-08 11:31:27','082e57f5-cf81-11e7-b176-8cdcd4d503cf','2017-11-22 12:31:15','2017-11-22 12:31:15'),(10035623,356,'hannah',NULL,'$2a$10$MIjntVC0I8mdOMSJ4MbAFuHZjSY4O75Lqr019hFUmjpLMPLaihaou',1003561,10035623,0,NULL,0,NULL,NULL,NULL,'',0,'abc',0,'2017-01-05 12:49:05','083d60de-cf81-11e7-b176-8cdcd4d503cf','2017-11-22 12:31:15','2017-11-22 12:31:15'),(10035624,356,'hkumwenda',NULL,'$2a$10$OGlXb4RZE.KewVwjgJeyVeUHEVZoe7/uTNvEL8hLG9BAaQ.9JsAmK',1003561,10035624,1,NULL,0,NULL,NULL,NULL,'hkumwenda@gmail.com',0,'abc',0,'2017-11-20 07:36:40','084aa09d-cf81-11e7-b176-8cdcd4d503cf','2017-11-22 12:31:15','2017-11-22 12:31:15'),(10035625,356,'jtaju',NULL,'$2a$10$QP62LV3rYtzxPTdf7mSaSeyofUmIcs5akBZrWLGrmgOy1RpJjPtFu',1003561,10035625,1,NULL,0,NULL,NULL,NULL,'',0,'abc',0,'2016-01-22 11:27:48','0858146e-cf81-11e7-b176-8cdcd4d503cf','2017-11-22 12:31:15','2017-11-22 12:31:15'),(10035626,356,'kgondwe',NULL,'$2a$10$goUXeYa9ArYwfMVMagnMr.GtTMvEmTuY91VKCzTh2QGsxsPYbndGS',1003561,10035626,1,NULL,0,NULL,NULL,NULL,'gondweking@gmail.com',0,'abc',0,'2017-11-08 16:05:35','08670b7e-cf81-11e7-b176-8cdcd4d503cf','2017-11-22 12:31:15','2017-11-22 12:31:15'),(10035627,356,'kgondwe1',NULL,'$2a$10$sHTUwj4h7jWDCj856mK6pOae6VK3AC1zIFk3gxhTJTbpVbNbGwJmq',1003561,10035627,1,NULL,0,NULL,NULL,NULL,'gondweking@gmail.com',0,'abc',0,'2017-01-07 12:02:43','08745254-cf81-11e7-b176-8cdcd4d503cf','2017-11-22 12:31:15','2017-11-22 12:31:15'),(10035628,356,'kmwenesongole',NULL,'$2a$10$xfOwV6fcPNIHFDtCT9E3y.jLGuGGNSDmVrnW93c362hINMlRLTpwK',1003561,10035628,1,NULL,0,NULL,NULL,NULL,'msongolekennie@gmail.com',0,'abc',0,'2017-11-14 06:31:38','0884ac3c-cf81-11e7-b176-8cdcd4d503cf','2017-11-22 12:31:15','2017-11-22 12:31:15'),(10035629,356,'manager',NULL,'$2a$10$kV2Z1EvI0FXzTHX8msYtFeepQeoUk.vVBeHZ2VZNT6E3p1ZyFWNLq',1003561,10035629,0,NULL,0,NULL,NULL,NULL,'',0,'abc',0,'2017-01-05 12:49:05','0894d30c-cf81-11e7-b176-8cdcd4d503cf','2017-11-22 12:31:15','2017-11-22 12:31:15'),(10035630,356,'mateyu',NULL,'$2a$10$1s1Mi0.RPbYtRObjyPuhRO1beza2JLakUu2mDeu/wg4ODHDXdULpW',1003561,10035630,1,NULL,0,NULL,NULL,NULL,'',0,'abc',0,NULL,'08a22ead-cf81-11e7-b176-8cdcd4d503cf','2017-11-22 12:31:16','2017-11-22 12:31:16'),(10035631,356,'matthew',NULL,'$2a$10$nj0MTBdQ5odmJbIl9MecQu2AmZv9JS7P/aOXTEek5jjChf3LdlFsK',1003561,10035631,1,NULL,0,NULL,NULL,NULL,'',0,'abc',0,NULL,'08b06b40-cf81-11e7-b176-8cdcd4d503cf','2017-11-22 12:31:16','2017-11-22 12:31:16'),(10035632,356,'mchawani',NULL,'$2a$10$P/rrEk4FMAccjjdMTnKN2edpQWA0msJRGkYQoRHLzOnJRvvt1NkdK',1003561,10035632,1,NULL,0,NULL,NULL,NULL,'',0,'abc',0,NULL,'08bec4b7-cf81-11e7-b176-8cdcd4d503cf','2017-11-22 12:31:16','2017-11-22 12:31:16'),(10035633,356,'mkamwendo',NULL,'$2a$10$exEbneT851Cemsw/Le62reaqO8oXMc2dcJs8RP4SIUdi6j1pEn1Im',1003561,10035633,1,NULL,0,NULL,NULL,NULL,'kamwendomada@gmail.com',0,'abc',0,'2017-11-08 12:17:54','08cc3105-cf81-11e7-b176-8cdcd4d503cf','2017-11-22 12:31:16','2017-11-22 12:31:16'),(10035634,356,'mmateyu',NULL,'$2a$10$pilvmu/fbSj/uFnKt3VF0e3aOT0hZvFZ3YyDuUEQQ44LHWES9K8XK',1003561,10035634,1,NULL,0,NULL,NULL,NULL,'',0,'abc',0,'2016-08-25 06:34:48','08da8828-cf81-11e7-b176-8cdcd4d503cf','2017-11-22 12:31:16','2017-11-22 12:31:16'),(10035635,356,'nrbadmin',NULL,'$2a$10$ZQs/bCQ1tXZf4XqTpu2lrute4wD9IMfRpoOtjJlggEOvBbzHvttQC',1003561,10035635,1,NULL,0,NULL,NULL,NULL,'',0,'abc',0,'2016-09-15 14:44:38','08e87d92-cf81-11e7-b176-8cdcd4d503cf','2017-11-22 12:31:16','2017-11-22 12:31:16'),(10035636,356,'qc1',NULL,'$2a$10$MwsxCou4/XT1GZV2n/6LXuwKn9uYQk8vYHS6HVsOeUxquHJHO89pC',1003561,10035636,1,NULL,0,NULL,NULL,NULL,'',0,'abc',0,NULL,'08f5cacc-cf81-11e7-b176-8cdcd4d503cf','2017-11-22 12:31:16','2017-11-22 12:31:16'),(10035637,356,'qs1',NULL,'$2a$10$3Tx6v//55B6cA7P8OO/7QODAVJtzCez8sWtXajlva/CjGOPrBPoXe',1003561,10035637,1,NULL,0,NULL,NULL,NULL,'',0,'abc',0,NULL,'09053dcd-cf81-11e7-b176-8cdcd4d503cf','2017-11-22 12:31:16','2017-11-22 12:31:16'),(10035638,356,'rlangwe',NULL,'$2a$10$HP2ubC39op77.XcQgUhv5uMHtBxUJVgV6fQ.e.lTovDTnuFuEDcPu',1003561,10035638,1,NULL,0,NULL,NULL,NULL,'langwer@gmail.com',0,'abc',0,'2017-09-06 06:50:40','091442db-cf81-11e7-b176-8cdcd4d503cf','2017-11-22 12:31:16','2017-11-22 12:31:16'),(10035639,356,'rlangwe1',NULL,'$2a$10$878MtJhV856wDyaAR6iSoerJ/LCQQSDIaqdsntc2MvRijT/Uv647S',1003561,10035639,1,NULL,0,NULL,NULL,NULL,'lagwer@gmail.com',0,'abc',0,'2017-10-10 08:32:24','09281745-cf81-11e7-b176-8cdcd4d503cf','2017-11-22 12:31:16','2017-11-22 12:31:16'),(10035640,356,'thoko',NULL,'$2a$10$AjVqHn.EiQtPP6AYOyeTtefTJxIxtFmFeiVcgppD.sqXc/awDYar.',1003561,10035640,1,NULL,0,NULL,NULL,NULL,'',0,'abc',0,NULL,'0935af28-cf81-11e7-b176-8cdcd4d503cf','2017-11-22 12:31:17','2017-11-22 12:31:17'),(10035641,356,'tkang\'ombe',NULL,'$2a$10$TrhzO8HkS.W/iJeZvJ/av.thUQpoa7DIH7jxyZ2bUP.t4mIDFyuHm',1003561,10035641,1,NULL,0,NULL,NULL,NULL,'ttkangombe@gmail.com',0,'abc',0,'2017-06-05 10:41:11','0943a54a-cf81-11e7-b176-8cdcd4d503cf','2017-11-22 12:31:17','2017-11-22 12:31:17'),(10035642,356,'usonjo',NULL,'$2a$10$UGPQnmlSdUpxaZWcMiLapeEkAnOalsAv5Gy35slluegEiMEuZ6Zq.',1003561,10035642,1,NULL,0,NULL,NULL,NULL,'umsonjo@gmail.com',0,'abc',0,'2017-09-07 13:07:21','09514506-cf81-11e7-b176-8cdcd4d503cf','2017-11-22 12:31:17','2017-11-22 12:31:17'),(10035643,356,'vm',NULL,'$2a$10$8JS7g4Y1/3zGzmpcCfUWqOodOhdaWMpY4Vo1Kr5O7LJZG5VwqCgiW',1003561,10035643,1,NULL,0,NULL,NULL,NULL,'vmaganga@yahoo.com',0,'abc',0,'2017-11-20 07:36:40','095fc9a5-cf81-11e7-b176-8cdcd4d503cf','2017-11-22 12:31:17','2017-11-22 12:31:17'),(10035644,356,'vmaganga',NULL,'$2a$10$O/XiRmhiu5C4.WPIkSz7ZOYHckM88Ply9eFs7nttpqqplJw9gdLay',1003561,10035644,1,NULL,0,NULL,NULL,NULL,'magangavincent16@gmail.com',0,'abc',0,'2017-11-15 12:24:52','096e0414-cf81-11e7-b176-8cdcd4d503cf','2017-11-22 12:31:17','2017-11-22 12:31:17'),(10035645,356,'wkasauka',NULL,'$2a$10$lTsV2z3piYdJIxGZCsBQbOX8UCRM8T6pHuN/EhwHtMHzMcZrPXNz.',1003561,10035645,1,NULL,0,NULL,NULL,NULL,'wis.kasauka@gmail.com',0,'abc',0,'2017-11-15 12:24:52','097b8013-cf81-11e7-b176-8cdcd4d503cf','2017-11-22 12:31:17','2017-11-22 12:31:17'),(10035646,356,'ysauzande',NULL,'$2a$10$9VtXdD.0Ov.i1tM2G.GRlO5B7lw94tb8v5O4BUEt79ZFj0sXnm1Eq',1003561,10035646,1,NULL,0,NULL,NULL,NULL,'yobusauzande@gmail.com',0,'abc',0,'2017-11-08 12:17:54','098aeb9c-cf81-11e7-b176-8cdcd4d503cf','2017-11-22 12:31:17','2017-11-22 12:31:17');
/*!40000 ALTER TABLE `users` ENABLE KEYS */;
UNLOCK TABLES;
/*!40103 SET TIME_ZONE=@OLD_TIME_ZONE */;

/*!40101 SET SQL_MODE=@OLD_SQL_MODE */;
/*!40014 SET FOREIGN_KEY_CHECKS=@OLD_FOREIGN_KEY_CHECKS */;
/*!40014 SET UNIQUE_CHECKS=@OLD_UNIQUE_CHECKS */;
/*!40101 SET CHARACTER_SET_CLIENT=@OLD_CHARACTER_SET_CLIENT */;
/*!40101 SET CHARACTER_SET_RESULTS=@OLD_CHARACTER_SET_RESULTS */;
/*!40101 SET COLLATION_CONNECTION=@OLD_COLLATION_CONNECTION */;
/*!40111 SET SQL_NOTES=@OLD_SQL_NOTES */;

-- Dump completed on 2017-11-22 14:48:39
