0010db1b167e8c7bfbcf9cd97af9deb1,,2016-09-23 08:34:03 UTC,tumpale
0010db1b167e8c7bfbcf9cd97af9deb1,,2016-09-23 08:34:03 UTC,tumpale
0031107eef3a8b2c578d5286583a5e23,,2016-10-16 06:19:55 UTC,rlangwe
0031107eef3a8b2c578d5286583a5e23,,2016-10-16 06:19:55 UTC,rlangwe
0031107eef3a8b2c578d5286583a5e23,,2016-10-16 06:19:55 UTC,rlangwe
0031107eef3a8b2c578d5286583a5e23,,2016-10-16 06:19:55 UTC,rlangwe
0031107eef3a8b2c578d528658f5d29e,,2016-10-30 08:34:34 UTC,rlangwe
0031107eef3a8b2c578d528658f5d29e,,2016-10-30 08:34:34 UTC,rlangwe
0031107eef3a8b2c578d528658f5d29e,,2016-10-30 08:34:34 UTC,rlangwe
0031107eef3a8b2c578d528658f79853,,2016-10-28 07:33:39 UTC,rlangwe
0031107eef3a8b2c578d528658f5d29e,,2016-10-30 08:34:34 UTC,rlangwe
0031107eef3a8b2c578d528658f79853,,2016-10-28 07:33:39 UTC,rlangwe
0031107eef3a8b2c578d528658f79853,,2016-10-28 07:33:39 UTC,rlangwe
0031107eef3a8b2c578d528658f949ab,,2016-10-25 12:28:26 UTC,rlangwe
0031107eef3a8b2c578d528658f79853,,2016-10-28 07:33:39 UTC,rlangwe
0031107eef3a8b2c578d528658f949ab,,2016-10-25 12:28:26 UTC,rlangwe
0031107eef3a8b2c578d528658f9a842,,2016-10-25 11:31:53 UTC,rlangwe
0031107eef3a8b2c578d528658f949ab,,2016-10-25 12:28:26 UTC,rlangwe
0031107eef3a8b2c578d528658f9a842,,2016-10-25 11:31:53 UTC,rlangwe
0031107eef3a8b2c578d528658f949ab,,2016-10-25 12:28:26 UTC,rlangwe
0031107eef3a8b2c578d528658f9a842,,2016-10-25 11:31:53 UTC,rlangwe
0031107eef3a8b2c578d528658f9a842,,2016-10-25 11:31:53 UTC,rlangwe
00614c3e0698bb9ebad5289813399648,,2017-06-19 11:29:08 UTC,tkapichi
00614c3e0698bb9ebad5289813b54abd,,2017-06-19 12:59:17 UTC,tkapichi
007b3c32cb0f261d26d47c46a8440711,,2017-05-19 09:49:36 UTC,comfort
00614c3e0698bb9ebad5289813399648,,2017-06-19 11:29:08 UTC,tkapichi
00614c3e0698bb9ebad5289813b54abd,,2017-06-19 12:59:17 UTC,tkapichi
007b3c32cb0f261d26d47c46a8440711,,2017-05-19 09:49:36 UTC,comfort
00614c3e0698bb9ebad5289813399648,,2017-06-19 11:29:08 UTC,tkapichi
00614c3e0698bb9ebad5289813b54abd,,2017-06-19 12:59:17 UTC,tkapichi
007b3c32cb0f261d26d47c46a8440711,,2017-05-19 09:49:36 UTC,comfort
00614c3e0698bb9ebad5289813399648,,2017-06-19 11:29:08 UTC,tkapichi
00614c3e0698bb9ebad5289813b54abd,,2017-06-19 12:59:17 UTC,tkapichi
007b3c32cb0f261d26d47c46a8440711,,2017-05-19 09:49:36 UTC,comfort
010b673327cce4aca05b4703d71356c3,,2016-04-22 08:03:32 UTC,
010b673327cce4aca05b4703d71356c3,,2016-04-22 08:03:32 UTC,
010b673327cce4aca05b4703d71356c3,,2016-04-22 08:03:32 UTC,
010b673327cce4aca05b4703d71356c3,,2016-04-22 08:03:32 UTC,
0149b5f5d0a96ff8ec4c4b86781c1f69,,2017-01-10 08:51:27 UTC,emunthali
0149b5f5d0a96ff8ec4c4b86781c1f69,,2017-01-10 08:51:27 UTC,emunthali
0149b5f5d0a96ff8ec4c4b86781c1f69,,2017-01-10 08:51:27 UTC,emunthali
0149b5f5d0a96ff8ec4c4b86781c1f69,,2017-01-10 08:51:27 UTC,emunthali
0149b5f5d0a96ff8ec4c4b86781e63c4,,2017-01-04 12:11:02 UTC,rlangwe
0149b5f5d0a96ff8ec4c4b86781e63c4,,2017-01-04 12:11:02 UTC,rlangwe
0149b5f5d0a96ff8ec4c4b86781f6c1c,,2017-01-02 09:06:54 UTC,rlangwe
0149b5f5d0a96ff8ec4c4b86781e63c4,,2017-01-04 12:11:02 UTC,rlangwe
0149b5f5d0a96ff8ec4c4b86781f6c1c,,2017-01-02 09:06:54 UTC,rlangwe
0149b5f5d0a96ff8ec4c4b86789f54dc,,2017-01-25 13:46:27 UTC,kmwenesongole
0149b5f5d0a96ff8ec4c4b86781e63c4,,2017-01-04 12:11:02 UTC,rlangwe
0149b5f5d0a96ff8ec4c4b86781f6c1c,,2017-01-02 09:06:54 UTC,rlangwe
0149b5f5d0a96ff8ec4c4b86789f54dc,,2017-01-25 13:46:27 UTC,kmwenesongole
0149b5f5d0a96ff8ec4c4b86789f7c30,,2017-01-23 11:04:42 UTC,kmwenesongole
0149b5f5d0a96ff8ec4c4b86781f6c1c,,2017-01-02 09:06:54 UTC,rlangwe
0149b5f5d0a96ff8ec4c4b86789f54dc,,2017-01-25 13:46:27 UTC,kmwenesongole
0149b5f5d0a96ff8ec4c4b86789f7c30,,2017-01-23 11:04:42 UTC,kmwenesongole
0149b5f5d0a96ff8ec4c4b86789f54dc,,2017-01-25 13:46:27 UTC,kmwenesongole
0149b5f5d0a96ff8ec4c4b86789f7c30,,2017-01-23 11:04:42 UTC,kmwenesongole
0149b5f5d0a96ff8ec4c4b86789f7c30,,2017-01-23 11:04:42 UTC,kmwenesongole
0149b5f5d0a96ff8ec4c4b8678a1a1ac,,2017-01-17 11:05:26 UTC,emunthali1
0149b5f5d0a96ff8ec4c4b8678a1aff8,,2017-01-17 10:55:27 UTC,kmwenesongole
0149b5f5d0a96ff8ec4c4b8678a1d82a,,2017-01-17 10:32:03 UTC,emunthali1
0149b5f5d0a96ff8ec4c4b8678a24c4b,,2017-01-16 12:39:59 UTC,violet
0149b5f5d0a96ff8ec4c4b8678a1a1ac,,2017-01-17 11:05:26 UTC,emunthali1
0149b5f5d0a96ff8ec4c4b8678a1aff8,,2017-01-17 10:55:27 UTC,kmwenesongole
0149b5f5d0a96ff8ec4c4b8678a1d82a,,2017-01-17 10:32:03 UTC,emunthali1
0149b5f5d0a96ff8ec4c4b8678a24c4b,,2017-01-16 12:39:59 UTC,violet
0149b5f5d0a96ff8ec4c4b8678a1a1ac,,2017-01-17 11:05:26 UTC,emunthali1
0149b5f5d0a96ff8ec4c4b8678a1aff8,,2017-01-17 10:55:27 UTC,kmwenesongole
0149b5f5d0a96ff8ec4c4b8678a1d82a,,2017-01-17 10:32:03 UTC,emunthali1
0149b5f5d0a96ff8ec4c4b8678a24c4b,,2017-01-16 12:39:59 UTC,violet
0149b5f5d0a96ff8ec4c4b8678a3e219,,2017-01-13 14:46:29 UTC,tlutepo
0149b5f5d0a96ff8ec4c4b8678a40b1c,,2017-01-13 14:05:13 UTC,emunthali
0149b5f5d0a96ff8ec4c4b8678a1a1ac,,2017-01-17 11:05:26 UTC,emunthali1
0149b5f5d0a96ff8ec4c4b8678a1aff8,,2017-01-17 10:55:27 UTC,kmwenesongole
0149b5f5d0a96ff8ec4c4b8678a1d82a,,2017-01-17 10:32:03 UTC,emunthali1
0149b5f5d0a96ff8ec4c4b8678a24c4b,,2017-01-16 12:39:59 UTC,violet
0149b5f5d0a96ff8ec4c4b8678a3e219,,2017-01-13 14:46:29 UTC,tlutepo
0149b5f5d0a96ff8ec4c4b8678a40b1c,,2017-01-13 14:05:13 UTC,emunthali
0149b5f5d0a96ff8ec4c4b8678a4c9dd,,2017-01-12 12:47:16 UTC,emunthali
0149b5f5d0a96ff8ec4c4b8678a3e219,,2017-01-13 14:46:29 UTC,tlutepo
0149b5f5d0a96ff8ec4c4b8678a40b1c,,2017-01-13 14:05:13 UTC,emunthali
0149b5f5d0a96ff8ec4c4b8678a4c9dd,,2017-01-12 12:47:16 UTC,emunthali
0149b5f5d0a96ff8ec4c4b8678a3e219,,2017-01-13 14:46:29 UTC,tlutepo
0149b5f5d0a96ff8ec4c4b8678a40b1c,,2017-01-13 14:05:13 UTC,emunthali
0149b5f5d0a96ff8ec4c4b8678a4c9dd,,2017-01-12 12:47:16 UTC,emunthali
01836c76dfe439fe0a92b37411c80def,,2016-10-21 12:25:39 UTC,dc4
0149b5f5d0a96ff8ec4c4b8678a4c9dd,,2017-01-12 12:47:16 UTC,emunthali
01836c76dfe439fe0a92b37411c80def,,2016-10-21 12:25:39 UTC,dc4
01836c76dfe439fe0a92b37411c80def,,2016-10-21 12:25:39 UTC,dc4
01836c76dfe439fe0a92b37411c80def,,2016-10-21 12:25:39 UTC,dc4
01db4f759cd3f4d33648673812039d7b,,2015-10-22 10:11:30 UTC,admin
01db4f759cd3f4d33648673812039d7b,,2015-10-22 10:11:30 UTC,admin
01db4f759cd3f4d33648673812051aa2,,2015-10-21 10:45:51 UTC,admin
01db4f759cd3f4d33648673812039d7b,,2015-10-22 10:11:30 UTC,admin
01db4f759cd3f4d33648673812051aa2,,2015-10-21 10:45:51 UTC,admin
01db4f759cd3f4d33648673812039d7b,,2015-10-22 10:11:30 UTC,admin
01db4f759cd3f4d33648673812051aa2,,2015-10-21 10:45:51 UTC,admin
01db4f759cd3f4d3364867381206561f,,2015-10-20 11:47:57 UTC,admin
01db4f759cd3f4d33648673812051aa2,,2015-10-21 10:45:51 UTC,admin
01db4f759cd3f4d3364867381206561f,,2015-10-20 11:47:57 UTC,admin
01db4f759cd3f4d3364867381206561f,,2015-10-20 11:47:57 UTC,admin
01db4f759cd3f4d33648673812079c12,,2015-10-19 12:39:20 UTC,admin
01db4f759cd3f4d3364867381206561f,,2015-10-20 11:47:57 UTC,admin
01db4f759cd3f4d33648673812079c12,,2015-10-19 12:39:20 UTC,admin
01db4f759cd3f4d3364867381208901c,,2015-10-19 10:07:24 UTC,
01db4f759cd3f4d33648673812079c12,,2015-10-19 12:39:20 UTC,admin
01db4f759cd3f4d3364867381208901c,,2015-10-19 10:07:24 UTC,
01db4f759cd3f4d3364867381209519c,,2015-10-16 14:41:14 UTC,admin
01db4f759cd3f4d3364867381209f036,,2015-10-16 12:34:54 UTC,admin
01db4f759cd3f4d3364867381209ffcf,,2015-10-16 12:29:56 UTC,admin
01db4f759cd3f4d33648673812079c12,,2015-10-19 12:39:20 UTC,admin
01db4f759cd3f4d3364867381208901c,,2015-10-19 10:07:24 UTC,
01db4f759cd3f4d3364867381209519c,,2015-10-16 14:41:14 UTC,admin
01db4f759cd3f4d3364867381209f036,,2015-10-16 12:34:54 UTC,admin
01db4f759cd3f4d3364867381209ffcf,,2015-10-16 12:29:56 UTC,admin
01db4f759cd3f4d336486738120a10fe,,2015-10-16 12:23:40 UTC,admin
01db4f759cd3f4d336486738120a3076,,2015-10-16 12:00:35 UTC,admin
01db4f759cd3f4d3364867381208901c,,2015-10-19 10:07:24 UTC,
01db4f759cd3f4d3364867381209519c,,2015-10-16 14:41:14 UTC,admin
01db4f759cd3f4d3364867381209f036,,2015-10-16 12:34:54 UTC,admin
01db4f759cd3f4d3364867381209ffcf,,2015-10-16 12:29:56 UTC,admin
01db4f759cd3f4d336486738120a10fe,,2015-10-16 12:23:40 UTC,admin
01db4f759cd3f4d336486738120a3076,,2015-10-16 12:00:35 UTC,admin
01db4f759cd3f4d336486738120ae317,,2015-10-16 10:56:56 UTC,admin
01db4f759cd3f4d3364867381209519c,,2015-10-16 14:41:14 UTC,admin
01db4f759cd3f4d3364867381209f036,,2015-10-16 12:34:54 UTC,admin
01db4f759cd3f4d3364867381209ffcf,,2015-10-16 12:29:56 UTC,admin
01db4f759cd3f4d336486738120a10fe,,2015-10-16 12:23:40 UTC,admin
01db4f759cd3f4d336486738120a3076,,2015-10-16 12:00:35 UTC,admin
01db4f759cd3f4d336486738120ae317,,2015-10-16 10:56:56 UTC,admin
01db4f759cd3f4d336486738120bc2f7,,2015-10-16 09:19:06 UTC,adr
01db4f759cd3f4d336486738120a10fe,,2015-10-16 12:23:40 UTC,admin
01db4f759cd3f4d336486738120a3076,,2015-10-16 12:00:35 UTC,admin
01db4f759cd3f4d336486738120ae317,,2015-10-16 10:56:56 UTC,admin
01db4f759cd3f4d336486738120bc2f7,,2015-10-16 09:19:06 UTC,adr
01db4f759cd3f4d336486738120ae317,,2015-10-16 10:56:56 UTC,admin
01db4f759cd3f4d336486738120bc2f7,,2015-10-16 09:19:06 UTC,adr
01db4f759cd3f4d336486738120bc2f7,,2015-10-16 09:19:06 UTC,adr
01db4f759cd3f4d336486738120ea526,,2015-10-12 14:18:04 UTC,admin
01db4f759cd3f4d336486738120ea526,,2015-10-12 14:18:04 UTC,admin
01db4f759cd3f4d336486738120f3217,,2015-10-12 12:28:50 UTC,admin
01db4f759cd3f4d336486738120f5e9d,,2015-10-12 11:30:30 UTC,admin
01db4f759cd3f4d336486738120ea526,,2015-10-12 14:18:04 UTC,admin
01db4f759cd3f4d336486738120f3217,,2015-10-12 12:28:50 UTC,admin
01db4f759cd3f4d336486738120f5e9d,,2015-10-12 11:30:30 UTC,admin
01db4f759cd3f4d336486738120ea526,,2015-10-12 14:18:04 UTC,admin
01db4f759cd3f4d336486738120f3217,,2015-10-12 12:28:50 UTC,admin
01db4f759cd3f4d336486738120f5e9d,,2015-10-12 11:30:30 UTC,admin
01db4f759cd3f4d336486738120f3217,,2015-10-12 12:28:50 UTC,admin
01db4f759cd3f4d336486738120f5e9d,,2015-10-12 11:30:30 UTC,admin
020fd601feceb97788a8f4f5a40be925,,2016-12-23 13:17:22 UTC,amwabumba
020fd601feceb97788a8f4f5a40be925,,2016-12-23 13:17:22 UTC,amwabumba
02560b918ee4f4677c93c17b5a84e038,,2016-02-10 07:01:43 UTC,
020fd601feceb97788a8f4f5a40be925,,2016-12-23 13:17:22 UTC,amwabumba
02560b918ee4f4677c93c17b5a84e038,,2016-02-10 07:01:43 UTC,
025e844c0cdf87da5e2be634b7c343bf,,2017-06-26 13:10:11 UTC,jacob
020fd601feceb97788a8f4f5a40be925,,2016-12-23 13:17:22 UTC,amwabumba
02560b918ee4f4677c93c17b5a84e038,,2016-02-10 07:01:43 UTC,
025e844c0cdf87da5e2be634b7c343bf,,2017-06-26 13:10:11 UTC,jacob
02560b918ee4f4677c93c17b5a84e038,,2016-02-10 07:01:43 UTC,
025e844c0cdf87da5e2be634b7c343bf,,2017-06-26 13:10:11 UTC,jacob
025e844c0cdf87da5e2be634b7c343bf,,2017-06-26 13:10:11 UTC,jacob
0275f9967f6069e00bbf2d3108736cf6,,2016-01-06 06:56:46 UTC,admin
0275f9967f6069e00bbf2d3108736cf6,,2016-01-06 06:56:46 UTC,admin
0275f9967f6069e00bbf2d3108736cf6,,2016-01-06 06:56:46 UTC,admin
0275f9967f6069e00bbf2d3108736cf6,,2016-01-06 06:56:46 UTC,admin
0296414e13f77c821284bfa41bf9c89a,,2017-06-06 08:11:42 UTC,rhoda
0296414e13f77c821284bfa41bf9c89a,,2017-06-06 08:11:42 UTC,rhoda
0296414e13f77c821284bfa41bf9c89a,,2017-06-06 08:11:42 UTC,rhoda
0296414e13f77c821284bfa41bf9c89a,,2017-06-06 08:11:42 UTC,rhoda
029f8d392645186769401790aad6e621,,2016-10-12 11:49:14 UTC,rlangwe
029f8d392645186769401790aad6e621,,2016-10-12 11:49:14 UTC,rlangwe
029f8d392645186769401790aad79e31,,2016-10-12 08:53:10 UTC,rlangwe
029f8d392645186769401790aad6e621,,2016-10-12 11:49:14 UTC,rlangwe
029f8d392645186769401790aad79e31,,2016-10-12 08:53:10 UTC,rlangwe
029f8d392645186769401790aad6e621,,2016-10-12 11:49:14 UTC,rlangwe
029f8d392645186769401790aad79e31,,2016-10-12 08:53:10 UTC,rlangwe
029f8d392645186769401790aad9889b,,2016-10-11 07:24:37 UTC,rlangwe
029f8d392645186769401790aad79e31,,2016-10-12 08:53:10 UTC,rlangwe
029f8d392645186769401790aad9889b,,2016-10-11 07:24:37 UTC,rlangwe
029f8d392645186769401790aad9889b,,2016-10-11 07:24:37 UTC,rlangwe
029f8d392645186769401790aadad62c,,2016-10-09 12:54:05 UTC,rlangwe
029f8d392645186769401790aad9889b,,2016-10-11 07:24:37 UTC,rlangwe
029f8d392645186769401790aadad62c,,2016-10-09 12:54:05 UTC,rlangwe
02a4323f6f856250b3f8157b21de27f7,,2016-03-21 10:08:25 UTC,admin
