00060e09a300a048e17d3a7bd422b09a,,2017-04-03 13:01:18 UTC,admin
0131a09317b89e4705a8ebf304d077ad,,2017-02-08 10:08:25 UTC,kacheche
0131a09317b89e4705a8ebf304d077ad,,2017-02-08 10:08:25 UTC,kacheche
0131a09317b89e4705a8ebf304d077ad,,2017-02-08 10:08:25 UTC,kacheche
0149b5f5d0a96ff8ec4c4b86781c163f,,2017-01-10 09:12:02 UTC,emunthali
0131a09317b89e4705a8ebf304d077ad,,2017-02-08 10:08:25 UTC,kacheche
0149b5f5d0a96ff8ec4c4b86781c163f,,2017-01-10 09:12:02 UTC,emunthali
0149b5f5d0a96ff8ec4c4b86781c163f,,2017-01-10 09:12:02 UTC,emunthali
0149b5f5d0a96ff8ec4c4b86781c163f,,2017-01-10 09:12:02 UTC,emunthali
0149b5f5d0a96ff8ec4c4b86789fcdf8,,2017-01-22 10:35:58 UTC,rlangwe
0149b5f5d0a96ff8ec4c4b86789fcdf8,,2017-01-22 10:35:58 UTC,rlangwe
0149b5f5d0a96ff8ec4c4b86789fcdf8,,2017-01-22 10:35:58 UTC,rlangwe
0149b5f5d0a96ff8ec4c4b8678a1207c,,2017-01-18 11:37:25 UTC,rlangwe
0149b5f5d0a96ff8ec4c4b86789fcdf8,,2017-01-22 10:35:58 UTC,rlangwe
0149b5f5d0a96ff8ec4c4b8678a1207c,,2017-01-18 11:37:25 UTC,rlangwe
0149b5f5d0a96ff8ec4c4b8678a1207c,,2017-01-18 11:37:25 UTC,rlangwe
0149b5f5d0a96ff8ec4c4b8678a1207c,,2017-01-18 11:37:25 UTC,rlangwe
01db4f759cd3f4d336486738120814ca,,2015-10-19 11:07:09 UTC,admin
01db4f759cd3f4d336486738120814ca,,2015-10-19 11:07:09 UTC,admin
01db4f759cd3f4d336486738120814ca,,2015-10-19 11:07:09 UTC,admin
01db4f759cd3f4d336486738120814ca,,2015-10-19 11:07:09 UTC,admin
01db4f759cd3f4d336486738120d4667,,2015-10-14 09:28:58 UTC,
01db4f759cd3f4d336486738120d4667,,2015-10-14 09:28:58 UTC,
01db4f759cd3f4d336486738120d4667,,2015-10-14 09:28:58 UTC,
01db4f759cd3f4d336486738120d4667,,2015-10-14 09:28:58 UTC,
01fd8c81428641db7a13d20ac4664d3c,,2017-02-13 06:27:11 UTC,kacheche
01fd8c81428641db7a13d20ac4664d3c,,2017-02-13 06:27:11 UTC,kacheche
01fd8c81428641db7a13d20ac4664d3c,,2017-02-13 06:27:11 UTC,kacheche
01fd8c81428641db7a13d20ac4664d3c,,2017-02-13 06:27:11 UTC,kacheche
029f8d392645186769401790aada2822,,2016-10-10 11:26:36 UTC,rlangwe
029f8d392645186769401790aada2822,,2016-10-10 11:26:36 UTC,rlangwe
029f8d392645186769401790aada2822,,2016-10-10 11:26:36 UTC,rlangwe
00060e09a300a048e17d3a7bd422b09a,,2017-04-03 13:01:18 UTC,admin
00060e09a300a048e17d3a7bd422b09a,,2017-04-03 13:01:18 UTC,admin
0131a09317b89e4705a8ebf304d077ad,,2017-02-08 10:08:25 UTC,kacheche
0149b5f5d0a96ff8ec4c4b86781c163f,,2017-01-10 09:12:02 UTC,emunthali
0149b5f5d0a96ff8ec4c4b86789fcdf8,,2017-01-22 10:35:58 UTC,rlangwe
0149b5f5d0a96ff8ec4c4b8678a1207c,,2017-01-18 11:37:25 UTC,rlangwe
01db4f759cd3f4d336486738120814ca,,2015-10-19 11:07:09 UTC,admin
01db4f759cd3f4d336486738120d4667,,2015-10-14 09:28:58 UTC,
01fd8c81428641db7a13d20ac4664d3c,,2017-02-13 06:27:11 UTC,kacheche
029f8d392645186769401790aada2822,,2016-10-10 11:26:36 UTC,rlangwe
02bb6239fd04971b29e43a3791026b6b,,2015-09-28 09:25:56 UTC,admin
02bb6239fd04971b29e43a37913cdf74,,2015-10-09 11:09:56 UTC,admin
02bb6239fd04971b29e43a37913ce801,,2015-10-09 11:02:44 UTC,admin
02bb6239fd04971b29e43a37913cf099,,2015-10-09 10:56:00 UTC,admin
02bb6239fd04971b29e43a37913f9dd7,,2015-10-05 12:55:54 UTC,admin
02bb6239fd04971b29e43a37913faf6d,,2015-10-05 12:17:44 UTC,admin
02bb6239fd04971b29e43a37913fca76,,2015-10-05 11:30:50 UTC,admin
02bb6239fd04971b29e43a379142805a,,2015-10-01 09:22:50 UTC,admin
02cf718eb1b5378b04b58bd7c049c4b6,,2017-07-05 09:44:21 UTC,martin
0327cb3b78017a9a1cf6158384728506,,2017-05-01 14:02:56 UTC,rhoda
0381d7b11c45921678f52f1c1398ed78,,2017-06-29 09:49:06 UTC,dkampeni
03cc6428ed158b98c92fbc035f07dada,,2016-09-14 06:06:41 UTC,admin
040d637bfc23ce7dc64c43bdc1ee9f45,,2016-12-08 14:13:09 UTC,rlangwe
040fe45fe5ab7e050b91d0f8fb685dc0,,2016-02-18 08:14:12 UTC,admin
046422ffe9bb4389efd0ef28d47ab6c7,,2017-05-19 09:54:05 UTC,chusa
04a0b6a27fa650308f594eff8918ba33,,2017-02-17 07:01:10 UTC,kacheche
05079e8f4ecabdb3e4eee9f7536c8fcf,,2017-04-05 07:26:35 UTC,kumwenda
05815c0018b1f9231f761d3063893d24,,2017-05-25 07:46:17 UTC,adr
05a59a782a36da4abb4ac52cdd72d36d,,2016-03-17 13:03:30 UTC,admin
05af3602f30533387fe2a3bc3bdb1028,,2016-04-08 11:08:30 UTC,
05af3602f30533387fe2a3bc3be18774,,2016-04-04 13:02:06 UTC,
05af3602f30533387fe2a3bc3be300d3,,2016-04-01 12:14:02 UTC,
05af3602f30533387fe2a3bc3be7c023,,2016-03-29 13:09:23 UTC,admin
05af3602f30533387fe2a3bc3beaecd3,,2016-03-25 11:05:24 UTC,admin
0613661f1e6c805a12841a482b44d9d6,,2016-07-27 08:44:36 UTC,admin
061e1ba92ef58aaef6ca9fb49db645df,,2017-02-20 10:41:28 UTC,s.chisenga
0651823f016f1cef9f3386f55f2813fd,,2017-06-08 08:55:50 UTC,msalekwa
0651823f016f1cef9f3386f55f283dec,,2017-06-08 08:20:52 UTC,msalekwa
0658e535be1b3ed3e08473fedc39ff27,,2016-07-04 12:42:11 UTC,admin
0658e535be1b3ed3e08473fedcd9826a,,2016-07-08 11:28:07 UTC,admin
0681c54da5fe7e3418baaebe9df3ebd2,,2017-06-02 14:23:48 UTC,admin
069535ae37574b434bc1a890a5127da7,,2017-01-25 13:32:49 UTC,amwabumba
072d116731191aa4927516aecd4d0151,,2017-05-28 16:25:10 UTC,adr
074ba7ca903e99d154b1b912d871022a,,2015-08-06 14:22:50 UTC,george
074ba7ca903e99d154b1b912d8710cfd,,2015-08-06 13:55:37 UTC,admin
074ba7ca903e99d154b1b912d8710ee6,,2015-08-06 13:45:13 UTC,admin
074ba7ca903e99d154b1b912d87119ae,,2015-08-06 13:34:06 UTC,admin
07683327db94ccc7d095b87ab2c38a69,,2016-09-09 13:44:00 UTC,admin
07683327db94ccc7d095b87ab2c39eb7,,2016-09-09 13:10:21 UTC,
0785072a035ec4f987323c00d7fa0bbc,,2015-12-02 10:17:47 UTC,admin
0785072a035ec4f987323c00d7fae63d,,2015-12-01 09:03:36 UTC,admin
080c72fb36b198dd38c680e8c5fa21c7,,2016-12-12 07:24:47 UTC,jchilenga
082cff9965ee0153cbd637407699dc30,,2016-02-09 11:46:25 UTC,admin
08b17855c371946f77a768f88c946002,,2016-05-03 12:48:02 UTC,
08b17855c371946f77a768f88c948070,,2016-05-03 12:27:57 UTC,admin
08e83106ab406b434caab0f105356c25,,2016-04-01 10:44:09 UTC,admin
0ab696e2af6ae44ca63a2f8bbe3766b5,,2017-05-23 06:47:29 UTC,admin
0ab696e2af6ae44ca63a2f8bbe37b054,,2017-05-22 06:48:14 UTC,msatumba
0bd0f096fb295224329190d1e8a8c03d,,2015-09-04 09:31:42 UTC,admin
0bd0f096fb295224329190d1e8a941ee,,2015-09-03 10:24:18 UTC,admin
0bd0f096fb295224329190d1e8aa3174,,2015-09-02 08:28:32 UTC,admin
0bd0f096fb295224329190d1e8e9fc7b,,2015-09-01 10:00:42 UTC,admin
0bf3ab494cf8c6c5aa91be28cc2d5941,,2016-04-23 07:27:32 UTC,admin
0bf3ab494cf8c6c5aa91be28ccee5de7,,2016-05-02 07:00:09 UTC,admin
0ca2c12535f3cf24c477fbd36bf892a4,,2016-04-19 08:32:35 UTC,admin
0ce28fdf07e6333d53710d734b52db6b,,2017-05-22 10:20:42 UTC,chusa
0ce5dcb7e15d199be3ca6744b7c327eb,,2017-03-30 13:12:13 UTC,adr1
0cf9c53a13d212011ec1ca4cd018c2aa,,2015-12-01 12:54:02 UTC,admin
0d149729380672434c44b6297861956a,,2017-01-04 12:38:22 UTC,jchilenga1
0dcfea25d04cce85429251fc7c104230,,2017-04-01 04:54:25 UTC,kacheche
0dcfea25d04cce85429251fc7c11dc5e,,2017-03-30 10:09:59 UTC,kacheche
0dcfea25d04cce85429251fc7c1d77fd,,2017-03-14 12:42:57 UTC,megmwalule
0e5f4d8e1bf58d0164054a588a680c03,,2017-06-16 10:14:03 UTC,admin
0f7ada6c4fcfe44cbd3d19754527e1d5,,2016-02-10 13:21:57 UTC,admin
0f7ada6c4fcfe44cbd3d197545a62a89,,2016-02-12 06:58:59 UTC,admin
0fbf4a1efe9b8d49e7702af32c5bb57a,,2017-01-18 08:42:25 UTC,alice
0fc9155bb2c8c3d0f8e7e3beba009599,,2017-01-30 11:57:17 UTC,rhoda
1016a6d5c8d366a90efc5bf8516af550,,2015-09-25 07:14:35 UTC,admin
115b3e1e98cde891e01f8150a54ec536,,2015-08-16 11:49:50 UTC,admin
115b3e1e98cde891e01f8150a554a2b6,,2015-08-12 11:38:41 UTC,admin
115b3e1e98cde891e01f8150a55d6ce6,,2015-08-04 11:37:20 UTC,admin
11e06cbf5c93508b196ba9c2b3c16be1,,2017-05-17 09:14:17 UTC,chusa
12cc13a225df399416cc11178aaf1202,,2016-09-05 12:31:15 UTC,admin
13a67fc2042e0bcc4c72316c3b6c95a9,,2017-04-13 09:32:24 UTC,amwabumba
13cd8627bc5b375570aa7fe5ea1d8fd6,,2017-01-23 11:57:19 UTC,kacheche
13e36a23618ef630ba2183b11b92f9f6,,2017-05-30 12:40:55 UTC,kumwenda
14125bf582ed4d245b3330675f560f6f,,2017-03-22 10:10:28 UTC,admin
1599173e8fec8de504376fa328466217,,2016-04-09 11:57:10 UTC,admin
15d7b5c94a2cb370bdec7f600ba3e21e,,2017-02-01 09:25:51 UTC,s.chisenga
1798cc9bfc7ca3f8440d9412643956f6,,2017-03-17 09:07:50 UTC,mkumwenda
17a6a8358a43afb66744c2b0645711ce,,2016-06-20 13:00:50 UTC,admin
181d50df6af2198cf444eee87f9b63cc,,2016-05-23 06:13:52 UTC,admin
18c453ff460c368bad8457c930618fe8,,2016-12-02 06:34:26 UTC,admin
19976011ed2389a1beff9d4513722d28,,2016-09-06 08:08:10 UTC,admin
1a0f2a5bf2a9decd95487460602f27ef,,2017-01-25 10:07:26 UTC,chimwaza
1b3f3f2bb214a39eaca1be67f4cbf078,,2017-01-20 08:55:35 UTC,george
1b3f3f2bb214a39eaca1be67f4cc3389,,2017-01-19 12:31:44 UTC,rlangwe
1bc7dae7644545522d24f83835b8ddd9,,2016-02-02 07:41:33 UTC,admin
1c9b63c8ecb6896155b0681af04314ad,,2016-03-24 14:20:55 UTC,admin
1cc270822f2fba8509908a07e4948906,,2016-12-13 09:04:28 UTC,knkhata
1cf557169b876bad12c277d3040175f2,,2015-08-12 10:19:08 UTC,admin
1dfce8fb61afbeb8256edf6ea653722e,,2016-12-09 08:34:24 UTC,jchilenga
1f3f2d14e4578710e5585622692ab68b,,2017-06-17 08:31:06 UTC,msatumba
1f3f2d14e4578710e5585622692abd77,,2017-06-16 13:57:54 UTC,msatumba
1fb638de9701c79f2a36afcfbfa1277e,,2017-03-21 13:09:20 UTC,admin
20930f49f3b5c120c92ee606a82c8498,,2016-01-22 08:58:06 UTC,admin
20930f49f3b5c120c92ee606a8cdf3c1,,2016-01-27 05:55:40 UTC,admin
213bdf8d4f6fedd08d863ff25f5d940d,,2016-12-03 09:40:05 UTC,admin
213bdf8d4f6fedd08d863ff25f5da114,,2016-12-03 09:33:19 UTC,admin
213bdf8d4f6fedd08d863ff25fdfeb50,,2016-12-08 10:35:53 UTC,admin
224974bfbce5638ea2fcc01d2d8cd8a4,,2015-12-11 07:39:50 UTC,admin
232a8cc72f8d359bd18e7e6e19638352,,2016-12-08 08:04:26 UTC,jchilenga2
23569497e068bdf283db2057ca636ffc,,2015-11-13 06:56:29 UTC,admin
23569497e068bdf283db2057ca66f524,,2015-11-11 12:32:42 UTC,admin
2382dfdc1b5f37f6d85fb6f44e09b85c,,2017-05-16 14:18:44 UTC,msatumba
2382dfdc1b5f37f6d85fb6f44e09d505,,2017-05-16 13:47:32 UTC,admin
2382dfdc1b5f37f6d85fb6f44e09de49,,2017-05-16 12:41:02 UTC,msatumba
23a5d2ce1d0ee314bd61b26ce41ef2c2,,2017-04-25 12:35:58 UTC,rhoda
24b4c9a441c05ccfa8931433a3a0256f,,2016-12-12 09:28:14 UTC,bmnthambala
24b4c9a441c05ccfa8931433a3ab72c3,,2016-12-02 09:33:07 UTC,bmnthambala
24b4c9a441c05ccfa8931433a3ab7d85,,2016-12-02 09:21:42 UTC,tumpale
24b4c9a441c05ccfa8931433a3ad49ef,,2016-12-01 11:58:49 UTC,admin
24dc6394ab968449bda222760c361350,,2016-12-27 13:22:54 UTC,mbawaka
25052de6a56fdcfdc87b6821080a017f,,2017-01-19 11:25:04 UTC,jmwale
25052de6a56fdcfdc87b68210886fe05,,2017-01-19 11:49:25 UTC,chilapondwa
261793278dfb1a946747ab32e2046f77,,2017-03-22 09:16:28 UTC,admin
261793278dfb1a946747ab32e2051aaa,,2017-03-22 07:59:38 UTC,kacheche
2635a2a896be7b286db28de96ef2f910,,2017-02-12 09:44:28 UTC,amwabumba
2639fb0ab387c2850ba2ca87d4f3e806,,2015-09-07 13:28:36 UTC,admin
26d4eae184607301c6d5ea3a3cb6effa,,2016-11-10 06:42:52 UTC,rlangwe
27acdcb8f84cc990c1f07cf012971498,,2017-03-09 09:19:24 UTC,tlutepo
27acdcb8f84cc990c1f07cf01297cc37,,2017-03-08 09:55:32 UTC,msatumba
27acdcb8f84cc990c1f07cf0129a97ea,,2017-03-01 14:28:15 UTC,tlutepo
27acdcb8f84cc990c1f07cf0129c2264,,2017-02-26 07:54:41 UTC,tlutepo
27acdcb8f84cc990c1f07cf0129c9668,,2017-02-24 09:26:24 UTC,tlutepo
27acdcb8f84cc990c1f07cf0129e7fe9,,2017-02-21 07:34:34 UTC,tlutepo
290ab15bae2abe274a1f04c2143bfd8b,,2016-09-05 14:40:01 UTC,admin
290ab15bae2abe274a1f04c2147a5230,,2016-09-06 07:27:31 UTC,admin
2ae88f92e466e2503d66e71615ce4e33,,2016-07-04 12:35:04 UTC,admin
2b0c6b622859ddbff4466b2175eb34d2,,2016-04-21 12:15:00 UTC,admin
2b0c6b622859ddbff4466b2175edbbf6,,2016-04-20 11:49:09 UTC,admin
2b0c6b622859ddbff4466b2175ef7751,,2016-04-20 06:54:54 UTC,admin
2ba98d15e1bf602588f7eaf6b1379581,,2016-12-06 13:49:56 UTC,jmwale
2c6ba894c4f5ebf2f803a3490e798819,,2016-12-06 09:44:57 UTC,rlangwe
2ced20b65374a6f389d26de1ef5c9a8a,,2016-11-18 12:07:28 UTC,admin
2d271958c8346e6ba428f50424b66056,,2016-12-01 07:00:44 UTC,NMkomwa
2d3145aedcd82b24284ecbaedf6dab69,,2016-12-08 13:54:40 UTC,admin
2d3480c6020161531c1af3ce70fb8968,,2016-11-04 09:56:12 UTC,admin
2d4e37581dba42f56bd194fd1d240cba,,2017-06-07 08:39:44 UTC,jdziwani
2d4e37581dba42f56bd194fd1d82016f,,2017-06-07 09:29:32 UTC,kachifumbub
2db857b05850a37cd2223e8ca14155aa,,2016-05-06 11:50:01 UTC,admin
2e6cfb24433b1aee2be6e3dd6c8d33c9,,2016-11-23 08:50:24 UTC,aphiri
2e6cfb24433b1aee2be6e3dd6c9395d1,,2016-11-18 09:20:59 UTC,tumpale
2e85dae565d9be58edf4c1f75856400d,,2016-12-20 07:57:46 UTC,jchilenga
2f2c305882123809f07e5218bdbd51e6,,2017-01-12 14:23:31 UTC,jchilenga
2f88679c51ae66ac8074cc8828e16ed7,,2016-12-30 10:10:25 UTC,rlangwe
2f9a6f513b07440784e6e19ce38d6064,,2017-04-17 13:47:48 UTC,hyacinta
3057123f1af41aa1630cabb581d6a149,,2017-05-22 09:56:51 UTC,chusa
30e9fedc2f4a3ee0144a58c781c62d4e,,2017-05-19 11:58:30 UTC,admin
30fbb7bd382281cbac0a35fed79bc269,,2017-01-09 12:40:43 UTC,rlangwe
31450be016b42c46d19ac45edaa0f670,,2017-03-30 06:56:49 UTC,admin
31cfb0487c418bc0f7ef4ee1f378e034,,2016-09-06 08:12:47 UTC,admin
31e5ba2f45025cb3695b8671fe3a512a,,2015-09-09 12:52:09 UTC,admin
32213d0b74feaa2528ebdc9527277dd2,,2017-05-23 14:11:39 UTC,kumwenda
32e16be1f9e0ab2e1efaf927e4b2f384,,2016-11-09 13:17:25 UTC,emunthali
338214dc227993fb67c25284de049201,,2017-05-11 08:54:25 UTC,adr1
338214dc227993fb67c25284de049c06,,2017-05-11 08:20:26 UTC,adr1
33af7eb603bdb3b8e05b8c557d5a5ff4,,2017-02-16 10:05:11 UTC,george
33e2bf0e77b8125f33e8343f3493d62d,,2017-04-09 10:20:14 UTC,admin
344524fb57b4bd0a2bc0778fcac917f6,,2017-06-05 12:13:35 UTC,imajiga
351266577e16dcb7876193abe0df25f3,,2016-07-11 08:06:40 UTC,admin
35c017d47ec06550dedd17d9bf88e334,,2016-12-09 13:41:24 UTC,jchilenga
364fa3819a696d163dc19a95cb5b0c66,,2016-01-29 06:32:18 UTC,admin
367dbaa09308d4193ff116434865ea6a,,2017-04-21 14:02:24 UTC,kumwenda
369db78f6b9602cdc60c402fe1116ca3,,2017-05-25 17:06:30 UTC,lmolande
37080a77b7ed182cf3563c7202910a26,,2015-09-21 08:22:29 UTC,admin
37080a77b7ed182cf3563c7202917c64,,2015-09-18 09:51:50 UTC,admin
37080a77b7ed182cf3563c720291a025,,2015-09-18 09:22:45 UTC,admin
37080a77b7ed182cf3563c7202929991,,2015-09-16 09:36:17 UTC,admin
37a831ad6d34f0e96abaeba27bb3ae98,,2017-03-03 10:14:42 UTC,s.chisenga
37cf762a65fc074fe2e6a68135009d68,,2017-01-31 08:50:11 UTC,s.chisenga
385699619fded76cec72f604c4de0fab,,2017-02-08 10:21:45 UTC,s.chisenga
3861312f0a3204ed94fbe2fdce8a50d2,,2016-12-08 06:33:05 UTC,rlangwe
395448a29fdaf0ac336c391770ac64c4,,2015-08-05 09:31:02 UTC,admin
3956c1e394dc88e16f2e2e8fed102c91,,2016-10-07 07:36:04 UTC,rlangwe
3a5749b369ff6ea65e5840300728e3c8,,2017-06-23 07:54:49 UTC,admin
3a5749b369ff6ea65e5840300728ed6f,,2017-06-23 07:46:38 UTC,admin
3b9a42480c77c9c500bbc66b0b067566,,2017-01-12 09:33:06 UTC,rlangwe
3c3cc6affd19943b82fdce8801240e27,,2015-12-17 14:29:04 UTC,admin
3c59768fb7f569f02908df045fa65f86,,2016-10-06 08:23:31 UTC,rlangwe
3c59768fb7f569f02908df045fa8c515,,2016-10-04 08:15:38 UTC,rlangwe
3d1f1b7d05f1ce1c867c8d585bce2db4,,2017-01-23 10:00:49 UTC,mbawaka
3d687be21e89840f1fee6bd56dc11e35,,2017-02-18 08:38:06 UTC,paul
3d6c413a2197a7176ef5923c9004a876,,2017-02-08 12:07:03 UTC,chisomo
3e4d6bac76ce9c7fe2b426fa0d323347,,2017-06-09 09:04:28 UTC,jdziwani
3e8ea39cf4031bd19bbf911218de69cb,,2016-12-06 08:21:38 UTC,rlangwe
3ed1aa77d11f42fb848e61531d06ad33,,2017-06-21 06:40:18 UTC,msatumba
3f2cad00097f073a82a1cb946e0e900f,,2016-07-20 07:26:42 UTC,admin
3f339d00e77665b34b18df8c6ca4fe2e,,2016-12-01 13:40:13 UTC,rlangwe
3fb576d763eb64bb582ad7198387b83a,,2017-02-04 13:37:50 UTC,amwabumba
404fffd2c09b9d6634430969a4bebe7f,,2016-12-01 13:49:03 UTC,rlangwe
40e906e9fb32c437e4a2d36b98ea1d75,,2016-08-01 11:01:06 UTC,admin
41304bd4404115b115ce5b3aa638274d,,2015-09-23 12:14:59 UTC,
4194320d8224a2d3e3fd15763c7e9756,,2016-10-08 08:18:37 UTC,admin
421478ad62328d83f9865eea30013da8,,2017-03-27 12:19:14 UTC,adr1
42e430e86bbb0bb931ca67ad1f156068,,2016-08-15 11:01:49 UTC,admin
42e430e86bbb0bb931ca67ad1f157074,,2016-08-15 10:54:14 UTC,admin
42e430e86bbb0bb931ca67ad1f15b9fa,,2016-08-15 08:49:35 UTC,admin
42e430e86bbb0bb931ca67ad1f17e525,,2016-08-12 11:40:28 UTC,admin
430945f1f1e629487d193aede7413b75,,2016-01-19 08:56:55 UTC,admin
431e607bcad0e36ba82b16bd4521d0f6,,2016-01-03 08:44:00 UTC,admin
438329bbea58c1f2649c8309d130b936,,2016-03-26 08:12:44 UTC,admin
43eaa0277a3b90130c0acb6ad99cf7f3,,2017-01-11 08:09:50 UTC,george
43eaa0277a3b90130c0acb6ad99d0630,,2017-01-11 07:50:36 UTC,bmnthambala
44480f1e6999abec8e8fc4f27949e604,,2016-04-14 14:02:50 UTC,admin
447ef018c5f1b7ce276f9d047bc55ca8,,2017-03-03 08:48:22 UTC,rhoda
451e97c52b5000ea1abfaa0c0445fea0,,2016-10-03 11:07:00 UTC,aphiri
451e97c52b5000ea1abfaa0c044814f6,,2016-09-30 10:44:11 UTC,tumpale
451e97c52b5000ea1abfaa0c04484b73,,2016-09-30 10:10:15 UTC,george
453e1ad95b35e5e80ab781e0b6be4835,,2016-10-21 12:09:55 UTC,george
453e1ad95b35e5e80ab781e0b6bf6639,,2016-10-21 06:56:40 UTC,tumpale
453e1ad95b35e5e80ab781e0b6c10114,,2016-10-20 09:19:28 UTC,tumpale
457442ec29fc33f30d3baa7dd09481ca,,2017-01-17 08:10:05 UTC,jchilenga1
45f4e1e7f458007d2ef3fac6ba16f0c8,,2017-01-25 06:23:13 UTC,jchilenga
46b8fe95e7a2f89c25de48660bf649bf,,2017-05-18 09:22:30 UTC,kacheche
474aec40ab8d7b628d1917e74f9f0c95,,2016-10-28 12:24:54 UTC,tumpale
4797df2743361e2ce942c512d0436d56,,2016-03-02 06:38:13 UTC,admin
4797df2743361e2ce942c512d04551bd,,2016-03-01 08:00:25 UTC,admin
47c8993e2a07e4dbb72565611ec306cb,,2017-01-23 13:17:40 UTC,rhoda
4818cef69e6834d1fbb8cd7667e4fba6,,2017-05-10 06:59:49 UTC,mchisale
48287a7aaa85d230d525c804d7a7c078,,2017-05-14 04:40:32 UTC,msatumba
489528ed064d4056565df89605f9673f,,2017-01-06 13:32:50 UTC,rhoda
4895f4d1cf3944777dd8c87af1bcb610,,2017-04-11 06:26:45 UTC,jchilenga
49202f0297699b7c84edcfbc68b9d65e,,2017-02-06 10:33:12 UTC,rhoda
49202f0297699b7c84edcfbc68b9e1d7,,2017-02-06 10:27:41 UTC,rhoda
4ac80753833c09bc5fca6b6c03215559,,2016-12-30 11:03:06 UTC,adr
4be4a120c8b79c0e7d166d4b7d0d600f,,2016-01-12 11:24:40 UTC,admin
4c67f8712189a4d55df5d07c5fcecd2c,,2016-05-06 05:07:42 UTC,admin
4c7c6ce09f00f1139a03c12a32487c0b,,2015-09-28 07:57:38 UTC,admin
4d19b6e817961cd3b1e9dda9816a9733,,2017-04-06 08:10:40 UTC,kumwenda
4d3b3fe82a7b99efef9251172c3b15c5,,2016-08-17 09:42:03 UTC,admin
4d512d446c91b06c6f41533a4b68bea2,,2017-04-24 10:17:45 UTC,jacob
4de52373601a343c8712011829f97532,,2017-01-12 05:40:41 UTC,mwalwanda
4df60759d768e95eec568de07238b601,,2016-12-17 06:14:07 UTC,rlangwe
4e766831512bc03a06aeeb6ddb360e7a,,2016-09-21 10:01:13 UTC,admin
4ef8de29a1754775f8f85fa13cbc2093,,2016-10-14 11:28:06 UTC,tumpale
4ef8de29a1754775f8f85fa13cbe100a,,2016-10-13 08:39:15 UTC,tumpale
4ef8de29a1754775f8f85fa13cbed8a5,,2016-10-12 12:47:05 UTC,tumpale
4ef8de29a1754775f8f85fa13cc1e1b9,,2016-10-11 13:01:57 UTC,aphiri
4ef8de29a1754775f8f85fa13cc210fc,,2016-10-11 12:39:34 UTC,aphiri
4f8ba0710ea5d531dfd8fce9b0a4a683,,2017-05-02 09:19:01 UTC,amwabumba
4fb4bb86a1d091b2194b88856928662a,,2017-06-01 12:57:17 UTC,dmphande
52b24376a945b3f4ac2caf7151752b40,,2015-12-10 07:56:44 UTC,admin
534bb8f86c54911b90069822e56b1d20,,2017-04-04 09:54:27 UTC,jdziwani
54b3948c2fa456b6e73d3c510864b10c,,2017-02-14 09:49:57 UTC,s.chisenga
54b3948c2fa456b6e73d3c510864b1e1,,2017-02-14 09:30:29 UTC,s.chisenga
54dc1b2b7148e777a8ad27b951af2a20,,2017-05-10 09:45:06 UTC,Ekhumbanyiwa
54dd45ca5e1fa6baa6844f1b565c9a1a,,2016-07-14 13:37:54 UTC,admin
54dd45ca5e1fa6baa6844f1b5662a67c,,2016-07-12 06:44:10 UTC,admin
5528e29bae66cde640ca0763f6b30f9f,,2016-09-01 09:12:35 UTC,admin
5528e29bae66cde640ca0763f6bb9d77,,2016-08-25 10:36:37 UTC,admin
557904deadfd2d8a3d3a6dc8e19c7603,,2015-11-30 08:05:49 UTC,admin
557904deadfd2d8a3d3a6dc8e19e269b,,2015-11-27 10:44:51 UTC,admin
557904deadfd2d8a3d3a6dc8e19ffb7b,,2015-11-26 11:50:39 UTC,george
5605c1f989482fadcef1da3e6d72db76,,2017-06-21 07:37:34 UTC,kachifumbub
563a92b10f0a4d3ba5964b0f587e1602,,2016-09-05 12:36:27 UTC,admin
56816f69d1fbeec7564f02f1e8eb2b07,,2017-05-20 09:22:42 UTC,chusa
56959048ae810c5d6805d6a1e9a41967,,2016-04-21 12:25:05 UTC,admin
56959048ae810c5d6805d6a1e9a42de3,,2016-04-21 11:51:02 UTC,
577ca3a754c147e8b3c19ceef11cd210,,2015-12-09 08:17:47 UTC,admin
578d27999dd598fbca9e2cf246391237,,2015-10-07 08:02:07 UTC,admin
58bdf5db73c265f49108f07e881185cb,,2017-04-18 09:09:37 UTC,adr1
58e34f7a38b3cece1237cdcc5cf9e1c3,,2017-03-09 05:57:47 UTC,kacheche
58fc18adf080f9d8dddbad0c2201960d,,2016-02-26 11:17:55 UTC,admin
5972cb9256e861b0e775df051123948f,,2017-05-22 14:25:35 UTC,rhoda
5989e23910807aa2c75a2652bff9572e,,2017-02-21 12:12:06 UTC,jchilenga
59ba94a42b0e90deb9f31fff1287ec46,,2017-02-20 12:27:39 UTC,chisomo
59cd09711e02dcfd0225e4e755f73d80,,2016-11-11 05:59:45 UTC,admin
59cd09711e02dcfd0225e4e755f742fd,,2016-11-11 05:58:26 UTC,admin
59cd09711e02dcfd0225e4e755f9b447,,2016-11-09 13:00:12 UTC,admin
59cd09711e02dcfd0225e4e755f9da74,,2016-11-09 12:42:59 UTC,admin
59d8cf5afa22122a5857d1258a5f740d,,2017-03-09 13:39:26 UTC,s.chisenga
5a7e4047ecb78d82d54fdee1a02af59f,,2017-02-09 07:47:29 UTC,s.chisenga
5b46068ac1ae03c76a6976dea3158cfe,,2016-07-02 09:33:18 UTC,admin
5b46068ac1ae03c76a6976dea316a20f,,2016-06-30 13:14:08 UTC,admin
5b46068ac1ae03c76a6976dea31c74eb,,2016-06-13 08:34:59 UTC,admin
5b46068ac1ae03c76a6976dea31c79c5,,2016-06-13 08:28:48 UTC,admin
5b7537b8fae777f5fa7c068ddc67799a,,2015-08-24 11:06:12 UTC,
5b7537b8fae777f5fa7c068ddc678620,,2015-08-24 10:52:54 UTC,admin
5d52093ebd5dfb506518bc549ea49f10,,2015-08-13 08:23:10 UTC,admin
5e0c79b8fbf3b29439f6adb01f1a0770,,2017-01-18 12:40:54 UTC,adr
5f6c64d0785b90382721473da282fbec,,2017-03-03 06:55:18 UTC,s.chisenga
5f6c64d0785b90382721473da2e137e4,,2017-03-03 09:11:04 UTC,s.chisenga
5fd1d9f9f5fb1c1ca0dd238c2103e999,,2016-11-30 12:05:42 UTC,jchilenga
608eecee508f3e4e780f5fef42d39e84,,2016-05-19 10:48:58 UTC,
60f7e93c41fbaed46343674d1f415415,,2016-09-22 09:33:24 UTC,admin
60f7e93c41fbaed46343674d1f421ddf,,2016-09-21 13:47:46 UTC,admin
60f7e93c41fbaed46343674d1f4529aa,,2016-09-20 11:38:24 UTC,admin
61d86ffec217cb152ba64782fdb6ee2c,,2016-06-01 12:08:18 UTC,admin
620dc7574e2f451cfa20a5d375c13100,,2017-07-10 13:33:58 UTC,gdauka1
623bc997e6eafc4e176fa453052fbeae,,2016-10-05 12:08:21 UTC,rlangwe
623bc997e6eafc4e176fa45305b12954,,2016-10-15 07:54:49 UTC,rlangwe
627982a7d4522fa462e4fad26908635b,,2017-01-11 09:11:00 UTC,mbawaka
6316f226384ba29868861bfcf3b34843,,2016-12-19 12:45:59 UTC,rlangwe
63a83cb755166a88275ebbe512220d03,,2016-02-10 10:02:35 UTC,admin
63cf72c8d789311f5df4eb9ef077942e,,2016-05-11 13:24:23 UTC,admin
651701b179a2e9ddef86a4724294b89e,,2017-03-24 13:39:05 UTC,admin
654bdd5b8737d7f8013cfb09a362ff2a,,2017-05-17 14:42:15 UTC,rhoda
66d52b58321eecbf7803f0a34d9c4c9e,,2017-03-08 11:36:22 UTC,kacheche
66d52b58321eecbf7803f0a34d9e0279,,2017-03-06 09:21:08 UTC,kacheche
66d52b58321eecbf7803f0a34d9e92f6,,2017-03-03 09:25:15 UTC,kacheche
66d52b58321eecbf7803f0a34d9ea8a6,,2017-03-02 11:56:42 UTC,kacheche
66d52b58321eecbf7803f0a34d9fbe54,,2017-03-02 09:33:25 UTC,kacheche
66d52b58321eecbf7803f0a34da305a7,,2017-02-28 10:17:01 UTC,kacheche
66d52b58321eecbf7803f0a34da3337d,,2017-02-28 09:40:45 UTC,kacheche
66dde4a10f577e78df3a68e1191f588b,,2017-01-31 06:24:18 UTC,kacheche
66dde4a10f577e78df3a68e119a03577,,2017-02-01 08:52:29 UTC,kacheche
6771b6d899692754dd211532436ddcd0,,2017-05-11 13:08:55 UTC,kumwenda
67a254deaecd656568468f114f42e0de,,2017-03-25 10:47:51 UTC,mbawaka
6808852ea146c38c4c0c458f4b167ae6,,2016-02-14 09:58:03 UTC,admin
6808852ea146c38c4c0c458f4b53cbca,,2016-02-16 08:46:57 UTC,admin
688c9d7f64db3c5e35e322792d16bdf2,,2016-11-23 14:18:54 UTC,rlangwe
68b52ae8774d9a2f3ba5e9aeffdeccc3,,2016-02-16 12:33:43 UTC,admin
68b52ae8774d9a2f3ba5e9aeffdfb14b,,2016-02-15 10:47:45 UTC,admin
68dffe2a09347dc112f60c4966efc1d6,,2017-06-27 08:28:17 UTC,Love
691bffd15ce12635d989e97841a63f71,,2017-03-31 12:55:15 UTC,admin
69c98791a0631c6ee401366cc8100f90,,2016-12-13 09:43:48 UTC,jchilenga1
69fe6f1742d5fdbe70c349d2c793b33e,,2017-07-03 10:12:44 UTC,mzorro
69fe6f1742d5fdbe70c349d2c793e0dc,,2017-07-03 09:31:52 UTC,mzorro
69fe6f1742d5fdbe70c349d2c793e22f,,2017-07-03 09:16:46 UTC,mzorro
6ad7dfbcdf69e44a593465e76c5cdb02,,2016-12-05 06:46:35 UTC,jchilenga
6ae47ba3e64fdbcd19f401d1d20ce3dd,,2017-06-05 12:48:18 UTC,Bute
6ae47ba3e64fdbcd19f401d1d20cf577,,2017-06-05 12:37:25 UTC,Bute
6b581c2d8994738d12d78fc649b0814a,,2016-10-12 12:14:10 UTC,rlangwe
6ba90d400ce940dc8d7cb50b19ff50a8,,2017-04-11 10:43:12 UTC,amwabumba
6c6729146f2c6ee31a4ef9b962895205,,2017-02-17 13:48:48 UTC,admin
6ca86c2e8e86d14603e6bc68e6dc4f17,,2017-03-20 13:00:29 UTC,tlutepo
6d3847ff7f86316822af60bfb7937bf1,,2017-02-07 10:08:01 UTC,s.chisenga
6e42657f5baf3ae7c0c2e9b3634ecf89,,2017-05-19 08:33:27 UTC,comfort
6e6d748eeb566e08fb3f3983d280c33b,,2016-04-21 06:16:46 UTC,admin
6e7e7e0bd8afeec8923e481a1419cbf5,,2017-06-09 10:38:52 UTC,cfaria
6f9881136d889162df7f27a4cb19cdf8,,2016-03-08 08:23:03 UTC,admin
6faa57bb445635d433aa9558732b0b7d,,2016-04-18 09:26:50 UTC,admin
6faa57bb445635d433aa955873ac0c23,,2016-04-26 10:25:38 UTC,admin
6faa57bb445635d433aa955873acf3dc,,2016-04-24 08:15:42 UTC,admin
6ffa5e3d3012027bedebab84d3d8c146,,2016-04-22 11:39:20 UTC,admin
70aed1a616ed2e1783c56e1a2e17835c,,2015-09-29 09:26:33 UTC,admin
70aed1a616ed2e1783c56e1a2e955fcd,,2015-10-05 13:24:29 UTC,admin
70c7f28c268ff36ecd4a9a90b9e6a7af,,2016-12-14 09:27:48 UTC,jchilenga
71b20e6ca07f23f39b83c6480cf319c5,,2016-10-14 12:29:06 UTC,jacob
71ca218cae1743c543f449fd3a19b223,,2015-08-10 08:53:58 UTC,admin
71e547ccc43268147426b0306d21e7d0,,2016-09-16 14:16:47 UTC,admin
72901946345331568c8829ac054b094c,,2015-09-30 14:14:33 UTC,admin
72901946345331568c8829ac054c6693,,2015-09-30 09:56:41 UTC,admin
72e0abc8adbd597854a69bba21cf9686,,2017-02-23 14:06:22 UTC,s.chisenga
734c31dcdb963fe77574dd5c8eb6e6ba,,2016-12-08 08:09:21 UTC,admin
73659bc8b25e107003f22a2c56588682,,2017-04-06 10:21:12 UTC,adr1
73a549271ce481e78f87d905a9366d07,,2017-02-14 13:51:18 UTC,jchilenga
73cc9a26e5f81ca22f5f182a85f11a4e,,2016-04-07 07:54:45 UTC,admin
746fa281b1749508681b5354a60d93d4,,2017-04-26 08:21:22 UTC,comfort
748089a07a837ee28449184c7197bdac,,2016-03-12 08:09:24 UTC,admin
748089a07a837ee28449184c7199321f,,2016-03-09 11:35:38 UTC,admin
748089a07a837ee28449184c719a59f9,,2016-03-07 10:52:15 UTC,
748089a07a837ee28449184c719c8bba,,2016-03-05 09:04:38 UTC,
749e93c184589374340bf9613ec9a719,,2017-02-06 08:08:41 UTC,rhoda
753ddb12a65217ecc82d1c08162ab751,,2015-09-10 12:31:01 UTC,admin
753ddb12a65217ecc82d1c08162ab756,,2015-09-10 12:08:43 UTC,admin
75c277cbec9bb54b31d84aa80911da23,,2016-12-14 12:51:37 UTC,jchilenga2
75ca365ef469b0fb9cc64dd1e5002cfe,,2017-04-05 05:16:31 UTC,kumwenda
761adcb01e36f5051e860a0f21a608b2,,2017-03-23 12:56:55 UTC,msatumba
762127fdd67d7ebd485bf526ba61677f,,2017-07-05 12:48:35 UTC,gondwe
76e0a3be904e386be5cbee23c33f7894,,2017-05-29 10:02:22 UTC,tkapichi
7778ea701f3508214684d358d5548edf,,2016-12-23 07:08:41 UTC,jchilenga1
796487652f25568a09bf2a7b3685eae8,,2017-02-09 18:29:27 UTC,tlutepo
796487652f25568a09bf2a7b36864b5a,,2017-02-09 16:27:26 UTC,tlutepo
79caff7d1a0e75e6732783876d33cb1d,,2016-11-11 06:53:58 UTC,tumpale
79e2cbaeb770644d54802c747f0a3d83,,2015-11-16 07:09:38 UTC,admin
79fbb13effdc84a633e9e4f62e01182e,,2015-12-09 06:21:16 UTC,admin
7a0b4d9e1052ec5939dcd352068e25c4,,2016-12-19 11:40:31 UTC,rlangwe
7a3504c6d55b114274e70ddeeba8015d,,2017-06-21 06:47:57 UTC,msatumba
7a3504c6d55b114274e70ddeeba80ffa,,2017-06-21 06:44:26 UTC,msatumba
7a3504c6d55b114274e70ddeeba8148b,,2017-06-21 06:35:38 UTC,admin
7a3504c6d55b114274e70ddeeba81a42,,2017-06-21 06:32:10 UTC,admin
7ae6e886d06253c3e305b2e7f91eab45,,2016-11-15 13:07:48 UTC,rlangwe
7b5cd53596b5c928d76fc3423df7aeb8,,2016-12-16 13:28:32 UTC,jchilenga
7ba401ca9b66b4104c3cd695005f1b3b,,2016-05-04 08:35:47 UTC,admin
7bdb5f5da80e68fd1d09b5e8adf5d4ff,,2017-04-03 11:30:02 UTC,mkumwenda
7c9dbea986a15aade620185643ff4b4d,,2016-11-30 08:22:51 UTC,jchilenga
7d68675c2fea127809aae651bbfd49ab,,2016-05-30 12:06:08 UTC,admin
7dabda96c67c7f0240e1ad961070df31,,2017-03-29 12:50:56 UTC,mbawaka
7eb562fc4dcfe26b7258685e5d11e510,,2017-01-01 11:16:06 UTC,amwabumba
7f3cd0ee665f1fe59da44fc13a4d0375,,2017-01-01 08:35:15 UTC,mbawaka
805912310e1171a47b1e7375852f37b6,,2016-12-07 12:39:48 UTC,rlangwe
80c32c5775b575b23dfd8de7039989e9,,2016-06-10 11:13:33 UTC,admin
80c32c5775b575b23dfd8de7039b6128,,2016-06-09 11:14:24 UTC,
80c32c5775b575b23dfd8de703a50285,,2016-06-01 12:27:12 UTC,admin
80c32c5775b575b23dfd8de703b37d76,,2016-05-21 11:37:21 UTC,admin
80c701722b69d9a577b8bb9feeaf1bd2,,2016-12-29 08:21:27 UTC,rlangwe
81fcf183d56097699b35a69c9e5e98f9,,2015-08-04 09:01:52 UTC,admin
81fcf183d56097699b35a69c9e5f20d7,,2015-08-03 09:38:13 UTC,admin
81fcf183d56097699b35a69c9edd5e58,,2015-08-05 09:30:29 UTC,admin
8325ee666d3429b335737976e864081f,,2015-08-17 13:01:54 UTC,aphiri
8336f9c86fd56dab7270b9118afbe8b3,,2015-09-25 13:05:30 UTC,admin
83d89ff4e724cacd51b86ab1215f56e2,,2015-09-01 13:45:20 UTC,admin
84f63eccd8fecbf89bae6734c31211a7,,2015-11-03 12:57:22 UTC,admin
8616781114eef7fcc5a7a01dcc78d1f4,,2016-06-28 12:29:47 UTC,
862f5989dd4dc61b85914439e9c2e1be,,2017-07-07 09:56:16 UTC,gdauka1
8658a696522d1d4a62136aa642222709,,2017-02-23 10:44:14 UTC,kacheche
8658a696522d1d4a62136aa6422301e0,,2017-02-23 07:09:32 UTC,kacheche
865c87b9ba19aa4ec122b6420dcd7bd7,,2017-02-17 11:04:19 UTC,s.chisenga
86b8c9cfc58b5628b42d6d4e8e2d775c,,2015-09-15 07:54:02 UTC,admin
870fdb078fc7e015512f5a0250f92344,,2015-12-14 09:28:52 UTC,admin
870fdb078fc7e015512f5a0250fc1f71,,2015-12-11 08:35:19 UTC,admin
876e31892b7403c2c664ce580e65c37a,,2017-03-09 14:05:06 UTC,s.chisenga
87d5447c53b7dc5d4c19e7b9450f33bb,,2017-05-12 14:05:41 UTC,rhoda
87d5447c53b7dc5d4c19e7b9458acfbf,,2017-05-13 08:29:22 UTC,rhoda
89f7d6f69583e39a97c56849699830d6,,2017-02-07 11:45:21 UTC,rhoda
8a19840e4e2992e748900ee103f9f088,,2017-06-02 10:06:25 UTC,ekachingwe
8b1b1bc3dce506c20fe02ca59704f260,,2016-12-28 10:23:34 UTC,paul
8c1cf2164156e9bd91d8bdef4ce908ce,,2017-04-23 09:08:13 UTC,rhoda
8c5c4b68fc663e0e7b07bfdd06fa3072,,2017-01-04 11:14:40 UTC,amwabumba
8c7d73649ad9489d9057cadc64822ad2,,2016-12-13 14:02:51 UTC,jchilenga1
8c861f398d4cf3a9bd6dd59bdb673a41,,2017-05-08 09:08:43 UTC,Ekhumbanyiwa
8cbf9aa24755e7fbced63993867463d5,,2017-06-09 13:41:17 UTC,jdziwani
8d4effe90a31af988aa5be09c069e1a4,,2017-05-10 09:32:44 UTC,Ekhumbanyiwa
8d74d4e60ef4bc85dc0aa1a408e3265a,,2017-02-26 10:19:31 UTC,amwabumba
8d889dcda9f2dae968b88b3c05592ed6,,2017-05-04 16:26:54 UTC,saimonc
8d889dcda9f2dae968b88b3c05b7732b,,2017-05-04 15:54:30 UTC,saimonc
8e302cfb1948e09e839ad988be133065,,2017-06-04 11:50:40 UTC,tkapichi
8e5472b62a50ffae1193cf041c7d734f,,2017-01-18 13:57:18 UTC,amwabumba
8f11f4a192abc6794fa1130ec3244fd6,,2017-02-24 07:29:50 UTC,kacheche
8f1601fa8d13d21efacf61f19cddb339,,2016-09-04 15:01:45 UTC,admin
8fcfd608e6c1b9ccbceb06a793847837,,2016-05-03 07:59:22 UTC,admin
9042ca90faadda7116664093f6e42710,,2015-08-27 12:48:16 UTC,
90479e9a28322424d68cfbdea9695ad2,,2017-02-02 12:39:56 UTC,kacheche
909f6170debb80b8b35a2e4cbb2c8778,,2017-04-22 09:00:01 UTC,msatumba
9102fd2cd6391233825f39e0a5e58c68,,2017-05-26 08:57:26 UTC,chusa
912e46c430270efa5fccdd357516ba11,,2016-12-01 11:51:31 UTC,jchilenga
919dfb7e1c47c9e75e45822afdec2378,,2017-04-12 09:12:42 UTC,Brian
91a92fcff98e99789e5c07a6d174c7ae,,2017-01-05 10:28:11 UTC,amwabumba
91cceec8ba468099ca2697eebd7b351f,,2017-03-31 08:18:20 UTC,jchilenga
92b67934f370ae0c7ccd4f8bc629adf7,,2016-02-23 07:27:18 UTC,admin
92bcd4c0e218cab703c7cada7be7c201,,2016-03-11 08:28:20 UTC,admin
9486281b6073b6444f2581c89dad3d09,,2017-04-25 08:28:11 UTC,rhoda
952d158d56cf2ed11db007fa9251c67e,,2016-07-25 16:16:58 UTC,admin
952d158d56cf2ed11db007fa9256cc8f,,2016-07-21 13:42:28 UTC,admin
952d158d56cf2ed11db007fa9261b0cc,,2016-07-13 10:13:44 UTC,admin
952d158d56cf2ed11db007fa9262975d,,2016-07-12 13:21:06 UTC,admin
954dda5a3ef78358c4d8ed27d8193d85,,2016-12-12 08:33:33 UTC,tmwandira
95821247374938f6f093abb71b456c8b,,2017-04-27 10:59:33 UTC,rhoda
9589b8f7174135dd24d7d19b1f9bdfcb,,2017-05-03 07:15:22 UTC,admin
95c45b610c5319bdb9817980455543bb,,2016-01-03 13:05:04 UTC,admin
95e0f514c5081b8a16db85cbab870783,,2016-08-04 07:03:46 UTC,admin
9611237ac614b6bd7d4cedf4afde3a35,,2016-12-26 12:01:35 UTC,amwabumba
96b6991dd996d142c72aca4d19bd87a7,,2016-11-11 08:58:39 UTC,aphiri
9742478e721a95b584d00c34112e245d,,2017-03-27 09:53:09 UTC,msatumba
9742478e721a95b584d00c34112e6069,,2017-03-27 07:51:58 UTC,msatumba
9742478e721a95b584d00c34112ec351,,2017-03-24 15:00:34 UTC,tlutepo
9742478e721a95b584d00c34112ec6d7,,2017-03-24 14:46:13 UTC,tlutepo
97537481b6fbde3a654257c4abcafc72,,2016-12-20 06:20:08 UTC,jchilenga
97f8dcc39b28e3c692a0075341851c6b,,2016-10-06 11:36:27 UTC,admin
98d3118bd14fddd865bf1d49370dbeff,,2017-06-09 10:43:55 UTC,cfaria
98e80a27c1811e6b80b65c79b052a904,,2017-01-24 12:26:52 UTC,s.chisenga
993176dbbc31e60249a033884a61fcab,,2016-05-10 05:59:10 UTC,admin
9a16095489630990b25b20620aaf8866,,2015-12-03 11:59:40 UTC,admin
9a16095489630990b25b20620ab5afee,,2015-12-01 10:18:29 UTC,admin
9b06f81765b7a9e137f25c48a0bc68f4,,2015-12-24 12:13:53 UTC,admin
9b7b340a6ebf7be2e2d894eb4e5930a4,,2016-10-24 06:07:34 UTC,admin
9c593a923421c5cf6cb8712398164b80,,2017-01-20 04:19:12 UTC,mbawaka
9c593a923421c5cf6cb8712398165e45,,2017-01-19 14:33:15 UTC,chimwaza
9c94a337af0159be5e6878dacf19a662,,2016-12-22 10:50:43 UTC,amwabumba
9ce6f98d2d45be26568d9a66d67dc394,,2017-03-09 12:50:38 UTC,admin
9ce6f98d2d45be26568d9a66d67dd44e,,2017-03-09 12:16:50 UTC,NMkomwa
9d28fa4e3629438125cd16ee222ce36c,,2016-09-01 13:18:52 UTC,rlangwe
9d28fa4e3629438125cd16ee222d5f64,,2016-09-01 08:35:50 UTC,admin
9d28fa4e3629438125cd16ee222dc2ea,,2016-09-01 07:21:35 UTC,admin
9d28fa4e3629438125cd16ee222fcc50,,2016-08-31 08:28:50 UTC,admin
9d28fa4e3629438125cd16ee2230b6e3,,2016-08-30 13:07:05 UTC,admin
9d28fa4e3629438125cd16ee22350dae,,2016-08-29 07:56:00 UTC,admin
9d28fa4e3629438125cd16ee223b035a,,2016-08-18 12:25:33 UTC,admin
9d28fa4e3629438125cd16ee223dad1e,,2016-08-16 09:43:54 UTC,admin
9d28fa4e3629438125cd16ee223deb20,,2016-08-16 08:26:02 UTC,admin
9f3fbee8f51ac6113068f0c8a46f2a3c,,2017-05-10 08:50:49 UTC,rhoda
9fc712dd1c751f6117bf5d32469281fb,,2017-07-11 14:23:23 UTC,jdziwani
a1e09ad1136236812eee3b2c6cdcdd49,,2015-10-12 09:11:11 UTC,admin
a1e620dbda1e7d16e8a95f24d0fcc34f,,2017-01-18 08:35:25 UTC,alice
a29b3aabfa8b1ba5ee25e04eb81cb681,,2016-07-26 10:52:22 UTC,admin
a2bae45d47e332f268826e45e094915a,,2017-06-30 12:13:02 UTC,dkampeni
a2bae45d47e332f268826e45e094a714,,2017-06-30 12:09:34 UTC,dkampeni
a2bae45d47e332f268826e45e09828b3,,2017-06-29 13:28:50 UTC,bzuze
a2bae45d47e332f268826e45e0990087,,2017-06-29 11:58:19 UTC,dkampeni
a2f4968b5298fba8940979ffab465d4b,,2017-05-30 08:42:56 UTC,kumwenda
a2fe8c6f76061e973a591f9f4575fbbe,,2016-05-19 13:52:10 UTC,admin
a2fe8c6f76061e973a591f9f4575ff0f,,2016-05-19 13:43:14 UTC,admin
a311f3c74e838e5f3763e4891bbcef0d,,2017-05-26 13:12:05 UTC,james
a42fe93dcc9f8b40d2d523aa57d09b3f,,2016-02-25 12:06:46 UTC,admin
a5203527c22a64f4a7639aa150a9a2b5,,2016-09-24 11:34:12 UTC,admin
a55c2be9d1822dac7372d0e1306b7e1a,,2016-09-22 13:51:37 UTC,admin
a72e49fe6d211e50d8be1341df03e042,,2015-09-21 11:16:31 UTC,
a74c2f74602850509febb49360bb12e3,,2017-04-24 14:06:25 UTC,rhoda
a844c9ef2cef95d6fc87d5340239d644,,2016-09-19 11:05:58 UTC,admin
a9637533a0bfecfe616fcb16c2fb7bb7,,2017-04-04 11:31:48 UTC,adr
aa43d6eeac90268b8514b4c9dfee0db6,,2017-01-28 11:56:58 UTC,mbawaka
aad316d58036955cd24d3608ce14c44c,,2017-04-26 08:11:47 UTC,comfort
ab0c9a6fd7fa3ed11b1a87d5e099d857,,2016-12-19 10:28:35 UTC,rlangwe
ac0f35955b1f8b598e031caa0a11b02b,,2016-05-25 08:05:37 UTC,admin
ac0f35955b1f8b598e031caa0a120fbe,,2016-05-25 07:12:56 UTC,admin
ac116c2ad7fc1372b5db3ed1a72061de,,2017-02-16 13:00:47 UTC,admin
adef7cd53228e7e8080a4250af3e2462,,2017-04-27 07:27:53 UTC,zimba
adef7cd53228e7e8080a4250afbb6773,,2017-04-28 06:43:12 UTC,admin
adef7cd53228e7e8080a4250afbb6d2c,,2017-04-28 06:35:25 UTC,zimba
adef7cd53228e7e8080a4250afbb6eb4,,2017-04-27 07:30:50 UTC,zimba
ae614461b37eadc3754cf0bec71ec955,,2017-01-08 09:04:31 UTC,jmwale
aecf566c68a89f2648ff2b6f479a12b6,,2016-03-07 08:28:59 UTC,
af131f998e77281eb3de4ffe6bbda3d2,,2016-04-13 17:30:41 UTC,
af84b17c2a0dc689396c91db52b0bdd6,,2016-02-04 07:31:14 UTC,admin
af84b17c2a0dc689396c91db52b1a952,,2016-02-03 12:01:54 UTC,admin
afca9d584a709e24c612a4d1af594dad,,2017-05-30 08:27:32 UTC,comfort
aff2025e1f91b15b276c7cfb0b1df3e5,,2017-02-19 11:29:48 UTC,rhoda
b02b953960f80a9863a54ec29d108f80,,2017-03-09 09:51:46 UTC,NMkomwa
b0329ab51ac3673a9732b3a350b72392,,2017-01-04 06:15:11 UTC,jchilenga
b0744668f4ddeaa4a77a68e1325ab87b,,2015-08-10 12:03:27 UTC,admin
b0e535b8dea90b34aa98f2e45ef6f877,,2016-12-09 12:07:34 UTC,jchilenga1
b1a1d5449395edfc2604e51c969ab397,,2017-03-25 11:19:14 UTC,adr1
b24bf7ee49b11534e23ddd02eeca8e9e,,2016-12-24 10:05:07 UTC,jchilenga1
b29b889b2ff6ab589b832e475a66a9e2,,2016-06-02 12:48:10 UTC,admin
b29b889b2ff6ab589b832e475ac930c0,,2016-06-02 13:00:34 UTC,admin
b2b7c6401cdc49d3743c67808cde4307,,2016-12-06 13:33:59 UTC,ntapor
b2bdd936bc0b1b4c7c98c10023f899ad,,2016-12-08 11:49:27 UTC,rlangwe
b2c92f3688c6eb9c46bf212b9f3cfbb2,,2016-03-25 07:34:37 UTC,admin
b34467d92c7da45d906857a834a79a7b,,2015-08-21 09:42:16 UTC,admin
b5422a8318f1be9160211a45569b6f29,,2016-10-28 08:48:09 UTC,tumpale
b5422a8318f1be9160211a45569ed8e2,,2016-10-20 07:50:19 UTC,tumpale
b5510a516b1c378fc6902404efbe26d9,,2017-07-11 09:33:29 UTC,wmlambya
b5675c231fd77b1fa96443b2b69663fd,,2017-06-29 12:15:44 UTC,jacob
b5693219ad7f26fce0cfcbec635f4778,,2016-03-14 10:31:26 UTC,admin
b5af07732774487ae346db45a5d7b91f,,2017-06-27 13:57:00 UTC,charles
b5f0f4a420969eb05f6479129a0fe2aa,,2016-06-21 07:31:15 UTC,admin
b68303bbdc8d0565eabbea4bacda8a1c,,2017-01-12 12:37:10 UTC,rlangwe
b7831094c497a5594bc5e143038096e4,,2016-02-17 08:20:32 UTC,admin
b9653fc90949052e636bfb6b8a42418a,,2015-08-21 13:18:33 UTC,admin
b98fa42b3d65861f0c94ecb9f7132fd4,,2016-06-19 08:26:28 UTC,admin
b98fa42b3d65861f0c94ecb9f7bdcc77,,2016-06-25 10:55:48 UTC,admin
bcd7ffaffd0389a2d6c2a3cce16b57d2,,2016-03-04 13:27:01 UTC,admin
bd1d3298566bda3c97601e06a91b51f3,,2017-02-21 09:57:00 UTC,s.chisenga
bd3795a86ef1ae502175084b8df97f8e,,2017-02-08 09:09:36 UTC,kacheche
bd3795a86ef1ae502175084b8dfd9cce,,2017-02-07 08:10:06 UTC,kacheche
bd77e8042bddc55027f690e927efdc12,,2017-04-04 06:37:49 UTC,adr1
be49269bd4e724c0497af46fb863d75c,,2016-12-01 09:02:22 UTC,rlangwe
bec48e0403c54dadcafe89d6949abe1f,,2016-08-19 08:53:50 UTC,admin
bec48e0403c54dadcafe89d6949ae23c,,2016-08-19 08:05:37 UTC,admin
bf1619fbfb6afb303e8a510d48dc7449,,2017-01-10 12:40:07 UTC,jchilenga
bf2af1c916d63b492f02524d3bcf082a,,2016-08-08 07:21:50 UTC,
bfa8790b0f064c7f503f0eba0f0ed10c,,2015-10-10 07:54:26 UTC,admin
bff67592c1532fa52d8c8afabe538aae,,2015-10-30 19:15:44 UTC,
bff67592c1532fa52d8c8afabe5654ff,,2015-10-26 10:24:12 UTC,admin
bff67592c1532fa52d8c8afabe598029,,2015-10-21 09:14:30 UTC,admin
c17016ae79060e7b069b0e852bd3b705,,2017-07-11 07:15:49 UTC,wmlambya
c1e39eebd465264df9277bc281fa2a57,,2016-12-19 08:11:43 UTC,jchilenga2
c2ded73b974267829a60d43e67723243,,2016-09-19 08:56:28 UTC,admin
c2ec6b823352a8803eeb996a5cd79128,,2017-05-19 08:49:48 UTC,msatumba
c2efe3dea4ea9df9104b9fa20e7adf76,,2017-05-25 10:31:20 UTC,chusa
c380d4ee36d598e2d4c9805ba6147892,,2017-01-02 05:35:45 UTC,jmwale
c3b8a31ec200ffaeee44f6eb2635653e,,2015-11-16 14:40:52 UTC,admin
c3c0afcdfe2112b88f8c0a4b87f85e7d,,2017-03-01 09:19:57 UTC,s.chisenga
c3c382151de5417cb16f9ec389a89bb4,,2016-09-26 09:40:49 UTC,admin
c3cbf9c834c03f6db2244b2e435d0c7d,,2016-12-22 08:47:51 UTC,rlangwe
c3cec50a4da0ee90c3967c2d5a7cbde3,,2016-12-09 07:50:34 UTC,jchilenga
c423e517db703383421d65b55a5f7272,,2017-05-16 07:57:39 UTC,kacheche
c43d69bc25a521e6f0e727abd2710e6a,,2016-09-06 09:03:06 UTC,admin
c43d69bc25a521e6f0e727abd2718569,,2016-09-06 07:59:03 UTC,admin
c43d69bc25a521e6f0e727abd271cc84,,2016-09-05 13:54:57 UTC,admin
c43d69bc25a521e6f0e727abd271fb0d,,2016-09-05 12:59:39 UTC,admin
c43d69bc25a521e6f0e727abd273d247,,2016-09-02 13:45:00 UTC,admin
c43d69bc25a521e6f0e727abd27636f8,,2016-09-01 09:15:48 UTC,admin
c43d69bc25a521e6f0e727abd27afd67,,2016-08-29 13:35:00 UTC,george
c5b758f9035cbb74b143f60f4a1f825d,,2017-05-24 13:24:46 UTC,kacheche
c5d2dc70db75a596bf12d3236a4c535a,,2017-06-24 08:58:20 UTC,rhoda
c5daf30e1559495c3acce38ed4bbd8ad,,2017-04-20 07:14:18 UTC,kacheche
c6c1925b0bab617bfb79466088ad6c7f,,2016-08-04 11:23:49 UTC,admin
c6c1925b0bab617bfb79466088adf63e,,2016-08-04 09:18:44 UTC,admin
c7cd7e113c3fa707a0fbf30988e785e2,,2016-09-17 09:19:10 UTC,admin
c7d3d97c4ec5b566b1f957c0a3f76286,,2017-03-18 14:12:33 UTC,adr1
c813db914d129815da2fb1f1e4b7a2e3,,2017-01-24 12:43:04 UTC,chilapondwa
c813db914d129815da2fb1f1e4b7b123,,2017-01-24 12:13:45 UTC,admin
c813db914d129815da2fb1f1e4b7bbee,,2017-01-24 11:55:37 UTC,kthumba1
c813db914d129815da2fb1f1e4b7c7b2,,2017-01-24 11:33:59 UTC,kondwani
c853852f79602acd417c9e5774360b6f,,2016-03-15 13:22:05 UTC,admin
c853852f79602acd417c9e5774371245,,2016-03-15 08:35:15 UTC,admin
c88e8b554f600b7f0715c2ee9ca58adc,,2017-01-13 07:16:36 UTC,jchilenga
c88f7af9a34f8480fd3a075fd35bdc65,,2016-08-24 07:45:07 UTC,admin
c8b25f88bd4a1f8f69a3cff373babd1f,,2017-05-17 09:53:21 UTC,chusa
c8c626debf4ddd1828fed73769d90cc7,,2016-07-26 13:10:50 UTC,admin
c9a30335b37cffdfe349fb958b3c214b,,2017-04-26 06:18:54 UTC,kondwani
c9decf729c9febc7f3ce9f6ca0fedfa7,,2017-05-12 08:54:19 UTC,admin
cb6498bc7a11adfb7370b2e9c568d951,,2017-04-04 07:11:15 UTC,adr1
cc58e0899ee5dc10825c0366d1e53f9a,,2016-12-13 09:54:57 UTC,jchilenga
ccc9452b7600be8050dba4b50359b359,,2016-03-17 11:45:04 UTC,admin
ccc9452b7600be8050dba4b5035ac34e,,2016-03-16 07:14:35 UTC,admin
ccc9452b7600be8050dba4b5035b55d3,,2016-03-15 07:39:05 UTC,admin
ccd34cc900eca9e12cb73241afe5c949,,2017-05-17 09:41:58 UTC,rhoda
cce0e3853873c9a10a056ddcb253ebe3,,2016-04-17 10:08:19 UTC,admin
cd066b9a982610725c136e3bcd621966,,2017-06-26 12:06:48 UTC,wkalambo
cd298c78ac25145e94bc5ff70908d94c,,2016-12-14 11:55:24 UTC,jchilenga
cd298c78ac25145e94bc5ff70967c84c,,2016-12-14 12:06:17 UTC,jchilenga
cd5743396a771dd3690ef59cfa104c99,,2017-07-03 09:41:26 UTC,mzorro
cd5743396a771dd3690ef59cfa10720a,,2017-07-03 09:05:05 UTC,mzorro
cd5743396a771dd3690ef59cfa108042,,2017-07-03 08:58:06 UTC,mzorro
cd6bf9c091b50b3346726253dc437127,,2015-10-13 11:54:20 UTC,admin
cd6bf9c091b50b3346726253dc83f027,,2015-10-14 07:30:06 UTC,admin
cd6bf9c091b50b3346726253dca36c28,,2015-10-14 07:49:22 UTC,admin
cd746724a07b6f90079edccbae46175c,,2017-05-12 09:02:53 UTC,kumwenda
cd8ede6f5302c5295c86c17b78d829e7,,2017-01-05 10:08:05 UTC,rlangwe
ce6274b85fee37d0c01e8081d6a0fd1d,,2017-02-27 09:30:01 UTC,martin
cec3e7312cb3a432d51d96d0aa623725,,2016-03-30 13:34:18 UTC,admin
cec3e7312cb3a432d51d96d0aa6273e6,,2016-03-30 09:37:59 UTC,admin
cec3e7312cb3a432d51d96d0aa6283cc,,2016-03-30 09:25:57 UTC,admin
cec3e7312cb3a432d51d96d0aaa8efbd,,2016-04-13 13:30:18 UTC,admin
cec3e7312cb3a432d51d96d0aaa8f112,,2016-04-13 13:22:45 UTC,admin
cec3e7312cb3a432d51d96d0aaeacc8c,,2016-04-15 13:07:10 UTC,admin
cee3edd9f1b0a9034afc84be04a23f89,,2016-04-09 08:52:08 UTC,admin
cee3edd9f1b0a9034afc84be04a2f490,,2016-04-08 11:33:56 UTC,admin
cef5d2ea2ee8748cf9452214f4c7d6f7,,2017-06-20 10:08:23 UTC,adr
d01e776674f38debf5ee32176c9dc20e,,2016-09-15 08:11:01 UTC,admin
d039f768e9b03bf9aebc1c4f1e64b201,,2015-10-20 06:12:48 UTC,admin
d0d9424fb54b8bf10f4c39032a71c64d,,2017-03-23 07:20:07 UTC,george
d0d9424fb54b8bf10f4c39032a71e1fa,,2017-03-23 06:36:37 UTC,ulemu
d11e9b5a27d5a4b01c8231bfaac43d11,,2017-06-15 14:57:10 UTC,lmolande
d17b13b9b1706a2988ac8a20d5cebcdf,,2016-04-22 12:30:30 UTC,admin
d229a61ddafc722fba55dc26cb9c0c17,,2017-06-02 07:28:02 UTC,rhoda
d3465cecdc9bee5059d95968074f386c,,2015-11-18 08:32:46 UTC,
d3869410ccb1b4ab89e18da48ce0012a,,2017-01-03 13:32:55 UTC,rlangwe
d3a7ea6200323dce1db5446a8b2771f7,,2016-08-19 11:47:38 UTC,admin
d3f29913d26d1de115f80368ee64bb58,,2017-04-13 10:19:30 UTC,amwabumba
d3f29913d26d1de115f80368ee64bf9d,,2017-04-13 10:03:06 UTC,cmoyo
d3f71976007639d69e49d0504847f0d2,,2017-02-06 07:58:50 UTC,rhoda
d40ffa43127d2ff85bf9a1a10b6e99be,,2017-05-09 12:49:32 UTC,malani
d48756f5f493f6874648c77806fc3dd2,,2015-09-09 12:35:05 UTC,admin
d497086cfaab616ad6608ff3d423d632,,2017-06-09 08:14:13 UTC,pkatandula
d49a9904f1e899cb7db088f0be190fa1,,2016-12-15 12:17:46 UTC,jchilenga
d4e2e6e588f49ed073d467674963c734,,2016-08-15 11:06:30 UTC,admin
d4fc7150a892c5470efb96ef9c11ee5a,,2017-02-08 10:16:08 UTC,george
d5c0e936727c2a5636d5eec09847c3a2,,2017-02-23 13:09:04 UTC,jmwale
d5e3cae91b4a04a45e1d94aa320c6a69,,2017-06-27 13:31:37 UTC,mosy
d5e3cae91b4a04a45e1d94aa320dca73,,2017-06-27 10:52:56 UTC,mosy
d5e3cae91b4a04a45e1d94aa32186579,,2017-06-20 14:21:26 UTC,mosy
d5e3cae91b4a04a45e1d94aa3219d7f1,,2017-06-20 10:17:55 UTC,dkampeni
d5e3cae91b4a04a45e1d94aa3219dbe4,,2017-06-20 10:13:34 UTC,adr
d5e3cae91b4a04a45e1d94aa3219fd01,,2017-06-20 09:43:51 UTC,adr
d5eea1f7c76b8e62ab31c9884a76e410,,2015-12-18 09:42:11 UTC,admin
d5eea1f7c76b8e62ab31c9884a76f442,,2015-12-18 09:30:46 UTC,admin
d5eea1f7c76b8e62ab31c9884a7884d8,,2015-12-15 09:25:29 UTC,admin
d5eea1f7c76b8e62ab31c9884a78968f,,2015-12-15 08:31:47 UTC,
d5fe1667dbf07664ac5b9c209a10ea57,,2015-11-09 11:31:39 UTC,admin
d5fe1667dbf07664ac5b9c209ab97664,,2015-11-10 07:05:57 UTC,admin
d5fe1667dbf07664ac5b9c209ad856f3,,2015-11-10 10:20:19 UTC,admin
d60319bac2820e820ebc1a2b0286d009,,2016-11-21 10:05:54 UTC,admin
d6420316eab92ae89ffb1d4d790626e7,,2017-01-11 08:44:44 UTC,jchilenga
d69382e8ea7e6c295ef88d28d65d85dd,,2015-11-03 13:25:05 UTC,admin
d69382e8ea7e6c295ef88d28d65deb7e,,2015-11-02 13:18:11 UTC,admin
d69382e8ea7e6c295ef88d28d6dc8b54,,2015-11-10 10:20:46 UTC,admin
d69382e8ea7e6c295ef88d28d6dc9a23,,2015-11-10 09:52:41 UTC,admin
d69382e8ea7e6c295ef88d28d6de0c32,,2015-11-06 07:43:45 UTC,admin
d698a3bf338c4511ddedda39591b008a,,2017-02-13 13:11:35 UTC,kacheche
d7ba94a6faa149ff42327d32a51d19be,,2017-02-08 10:16:56 UTC,s.chisenga
d82cf67c2718f27b10296a9a7e408321,,2015-10-26 05:49:55 UTC,admin
d88e8fd273b65badeebbd54bc92b3232,,2016-12-01 09:27:58 UTC,jchilenga
d88e8fd273b65badeebbd54bc92b4cca,,2016-12-01 08:16:38 UTC,jchilenga
d8e39520d7b277cc892595dd47470de8,,2017-06-28 13:03:33 UTC,kumwenda
d9d38030b35c07f41c02b22d92c7e1aa,,2015-09-05 08:27:42 UTC,admin
d9e62f375582a5a163af300a6f7d2e81,,2016-09-14 13:51:24 UTC,admin
d9e62f375582a5a163af300a6f7e4137,,2016-09-09 12:55:27 UTC,admin
d9e62f375582a5a163af300a6f7fe5b9,,2016-09-08 09:45:15 UTC,admin
d9e62f375582a5a163af300a6f81e8c7,,2016-09-07 09:38:54 UTC,admin
d9e62f375582a5a163af300a6f82348e,,2016-09-07 08:58:11 UTC,admin
d9e62f375582a5a163af300a6f825e35,,2016-09-07 08:37:27 UTC,admin
d9e62f375582a5a163af300a6fc21fbe,,2016-09-07 08:55:02 UTC,admin
db8dc10761b032a5b887e8bcfd680524,,2015-09-03 09:43:22 UTC,admin
dbc6e80abdbf81d224fa6f06675ca077,,2016-11-24 08:49:28 UTC,admin
dbc6e80abdbf81d224fa6f06675cf0c1,,2016-11-23 08:43:19 UTC,admin
dbc6e80abdbf81d224fa6f06675cfd7f,,2016-11-23 08:29:57 UTC,admin
dbfeb60ee66490bec5449803332ce318,,2015-09-04 09:35:34 UTC,admin
dbfeb60ee66490bec544980333a89ba4,,2015-09-13 12:23:07 UTC,admin
dbfeb60ee66490bec544980333aa4c91,,2015-09-11 09:38:39 UTC,admin
dc160b796ecf24a5735f3b1bc798abe4,,2016-11-10 10:49:27 UTC,rlangwe
dc16e38ccf03fa8108c02c3f397a8b5b,,2016-12-21 13:01:46 UTC,rlangwe
dc761ba59156edd19de68feffe782bdb,,2016-02-02 11:37:02 UTC,admin
dc9933f925520b493ea3b078b071834a,,2016-12-15 03:45:07 UTC,jmwale
ddcb21dd26f48cd6d9fe847b236bc994,,2016-12-29 10:51:57 UTC,rhoda
de23136e77e1340c2b79aa7e252e9acf,,2016-06-30 07:54:26 UTC,admin
de55dda8c29ae84746b6216d33b0956a,,2015-09-22 09:34:04 UTC,admin
dec34ea7e21f042791bfb53fd67084cf,,2015-09-15 14:57:14 UTC,admin
ded752ba88d14540c3478fb5b85cee9e,,2015-11-13 13:26:41 UTC,admin
ded752ba88d14540c3478fb5b85d6bf1,,2015-11-13 08:01:07 UTC,admin
ded752ba88d14540c3478fb5b85d805a,,2015-11-13 07:39:46 UTC,admin
ded752ba88d14540c3478fb5b85d845a,,2015-11-13 07:31:26 UTC,admin
ded752ba88d14540c3478fb5b85dd702,,2015-11-12 06:54:58 UTC,admin
df4b135c9fe16a5fb90466f954d8f966,,2015-11-05 07:00:34 UTC,admin
dfa79abc2767e8bc10437a80dcf9a638,,2017-05-17 08:27:40 UTC,kumwenda
e01038e6ecc059d2e49e143bfa981145,,2017-05-19 13:51:15 UTC,msatumba
e01038e6ecc059d2e49e143bfa981273,,2017-05-19 12:53:17 UTC,msatumba
e03ae15e9cc88262d91b228d4f957928,,2017-06-30 07:32:13 UTC,chimbuzi
e18a7fa1970b425fc8e5ae4e2287553e,,2016-12-08 07:23:17 UTC,rlangwe
e18c0571096ab4ed7ce22d9fdebbe4ef,,2016-09-15 13:02:33 UTC,admin
e23069e265d38cdf890287df71cf8025,,2015-11-13 11:43:03 UTC,
e2b40d388d76758a6032e74bbcb85073,,2015-11-10 13:11:00 UTC,admin
e2eaf620b64edc3ce95519698f81e3f1,,2016-05-25 06:55:59 UTC,admin
e506f2a3127299c818fd3f55e01d6978,,2016-03-22 07:02:49 UTC,admin
e56d23a7f3d260155adc3e5ccc4faf2a,,2016-12-13 12:16:39 UTC,jchilenga
e56d23a7f3d260155adc3e5ccc4fbd67,,2016-12-13 12:09:20 UTC,rlangwe
e5bf7401f9b708d18ce711218b8b98fb,,2016-04-25 08:22:44 UTC,
e6273b5826041fe68fad1efdda990d11,,2017-05-03 10:42:08 UTC,mmangani
e6e90b3c866bf5534b57730e1d091c3b,,2016-10-07 11:01:16 UTC,tumpale
e6ff55905e4ed949225d8fd2c92a983d,,2017-02-06 13:14:56 UTC,jchilenga
e747f2c2e7512d17378ab39eab3e8f3d,,2017-03-22 11:50:01 UTC,lo
e8a822ef2f73a2067f4bb439485a3c52,,2016-01-18 06:36:28 UTC,admin
e8c399f424a1d9c02dd278a387498d08,,2017-01-22 11:03:08 UTC,jmwale
e9067513f9d825b20d81830952bb8a34,,2016-12-13 10:09:55 UTC,jmwale
e926eec158a1d74e56136b905f7da48b,,2017-05-25 15:03:15 UTC,nng'oma
e9802f924eb7ddd3bdf290fbaf96b66e,,2017-05-25 16:31:42 UTC,lmolande
ea087f8b033b9e4a3fe3a51e1611dd8b,,2017-06-02 10:49:20 UTC,rhoda
ea21930d1dbb01cd441951a4dc19ecf0,,2016-09-27 07:17:10 UTC,admin
ea91ee2d64a6c020d0d660d9eedc14a8,,2015-08-06 11:08:58 UTC,admin
ea9d85ae887f36284398dfcb1ae034ee,,2016-11-16 10:48:21 UTC,violet
eab0665c95539b5757b09d42bce2a00c,,2017-06-02 09:38:53 UTC,admin
eab0665c95539b5757b09d42bce2c2f6,,2017-06-02 09:06:08 UTC,admin
eb9711e7c5af5a5c66896199078c2570,,2016-11-28 04:17:25 UTC,jacob
eb9711e7c5af5a5c66896199078c2eb2,,2016-11-27 12:18:38 UTC,adr
eba44538b59777e137237e6f834e6cea,,2016-11-18 08:46:32 UTC,admin
ebcf9acd9d92919ba49ea2836b38e8e2,,2017-05-24 09:02:29 UTC,enamwiyo
ec3a2859a538a7cbf7b3e3394faf6673,,2016-05-20 10:13:55 UTC,admin
ec3a2859a538a7cbf7b3e3394fafc9ea,,2016-05-19 08:34:17 UTC,admin
ec3a2859a538a7cbf7b3e3394fb0f2f3,,2016-05-18 07:03:33 UTC,admin
eca3e85990af44fee8e6c34cf33bce22,,2015-12-11 10:51:12 UTC,
ecfe12e448551d9cf71b0d67812bdfef,,2016-02-10 10:10:21 UTC,admin
ecfe12e448551d9cf71b0d6781307db0,,2016-02-08 09:59:35 UTC,admin
ed05fb18fe4a6e723cf4f719482392d4,,2017-04-25 12:00:08 UTC,rhoda
ed05fb18fe4a6e723cf4f71948a1b954,,2017-04-25 11:47:28 UTC,rhoda
ee102eff3332f6a8c2952945f03a36dc,,2017-03-02 13:31:03 UTC,george
eea2c454e8910d4cc5adda30397b114d,,2017-03-06 06:42:27 UTC,mbawaka
ef53460843813c40fa753b241693b754,,2017-05-18 10:23:04 UTC,chusa
efd34d0c3207308a75c05a779b599cb6,,2016-03-24 08:44:39 UTC,admin
efd34d0c3207308a75c05a779b5c3879,,2016-03-20 09:41:12 UTC,admin
eff7eb01f57be86fd1af5b701ed171ec,,2016-02-28 10:42:36 UTC,admin
eff7eb01f57be86fd1af5b701ed1caa9,,2016-02-28 09:08:40 UTC,admin
eff7eb01f57be86fd1af5b701ed51724,,2016-02-23 09:34:28 UTC,admin
f042b7ab4ce1f4f0230ec60ae10b48b9,,2016-07-22 13:19:40 UTC,admin
f0663f593799e5566c7e80c22aab9703,,2017-02-02 11:58:39 UTC,amwabumba
f0a51a0c01ba55474a16a7627e3c2b17,,2016-07-07 06:53:53 UTC,
f0a51a0c01ba55474a16a7627e82c6a4,,2016-07-10 08:32:19 UTC,admin
f0a51a0c01ba55474a16a7627ebf2017,,2016-07-17 09:26:53 UTC,admin
f0a51a0c01ba55474a16a7627ebfb304,,2016-07-15 17:58:37 UTC,admin
f0a51a0c01ba55474a16a7627ec2bed5,,2016-07-12 10:50:49 UTC,admin
f10bfa89f86341d6b4899c2008e578e9,,2016-03-29 05:38:55 UTC,admin
f19d5664ca2bf74ddb5eb729c162ef83,,2015-08-27 08:41:06 UTC,admin
f19d5664ca2bf74ddb5eb729c1648d5a,,2015-08-24 12:49:29 UTC,admin
f2ccfd5e989d526af8705407c6c3371f,,2017-04-04 11:59:17 UTC,kacheche
f3791eb2471f586ddcb9dffe06bcf71b,,2017-02-23 08:53:25 UTC,martin
f3b0ebdcb9933e12a08c9e14442af65b,,2015-09-04 10:32:24 UTC,admin
f3b0ebdcb9933e12a08c9e1444ed2c6c,,2015-09-09 09:48:54 UTC,admin
f3c90c4be03c08e729b1e17be5c62b00,,2017-04-07 07:17:15 UTC,comfort
f425b80007ead3d168c28576f9c64b5c,,2017-07-10 09:31:52 UTC,florence
f46654f874e2c4ff7387bed89c025ee3,,2015-09-22 12:30:11 UTC,
f4d687e78164587d1363545804cb47a3,,2017-06-20 12:12:03 UTC,admin
f525d60a904e08b589955172731ee362,,2016-02-24 09:05:16 UTC,admin
f525d60a904e08b589955172739e5845,,2016-02-26 07:48:02 UTC,admin
f56c04176256d223bbcb5e45b47a0702,,2016-04-29 13:04:33 UTC,admin
f61f9bddaf9b46e8058915f29ca3926b,,2016-12-15 14:27:17 UTC,kumwenda
f62fb6d0ca0f85167327466cbc1997aa,,2017-04-28 08:20:26 UTC,kacheche
f641a966a8d5860a8bd4006853bb42a6,,2015-10-30 07:11:03 UTC,admin
f677b6a6ccf9a9fc6bf3de3ffe5e348f,,2017-05-05 12:41:16 UTC,saimonc
f6c7cffc24fcb56ba67d596430c4afce,,2017-01-25 08:02:05 UTC,s.chisenga
f6c9e37dc50eb22cc95404e5b15d1934,,2015-12-24 08:19:51 UTC,admin
f6e353a808a35954f54673127edd07fa,,2016-11-02 09:52:26 UTC,admin
f7417dc11a10be3dc1b176bf16bab54b,,2017-06-29 08:18:02 UTC,mosy
f753522818096221c09748930a39661f,,2017-02-15 09:23:21 UTC,jchilenga
f766b95b93b22677531d971842410cdf,,2016-11-09 11:52:20 UTC,admin
f766b95b93b22677531d971842e21404,,2016-11-11 10:27:30 UTC,admin
f84004d81c03515390601cb9dba1b71d,,2016-02-18 06:11:57 UTC,admin
f84004d81c03515390601cb9dba1d880,,2016-02-18 06:03:41 UTC,admin
f87326c4e27f64604a45a3f1e0aaa9b6,,2017-05-08 08:30:47 UTC,Ekhumbanyiwa
f966c7bf3cbc4fd75bc685cc6c7953b0,,2016-07-20 10:43:21 UTC,admin
f966c7bf3cbc4fd75bc685cc6c796ac8,,2016-07-20 10:18:14 UTC,admin
fb58629e357d7db97528983ebbaa4c17,,2016-08-24 13:28:00 UTC,admin
fb58629e357d7db97528983ebbad1223,,2016-08-23 07:31:23 UTC,admin
fb58629e357d7db97528983ebbafea8f,,2016-08-22 08:19:10 UTC,admin
fb58629e357d7db97528983ebbb14860,,2016-08-19 13:40:16 UTC,admin
fb58629e357d7db97528983ebbb4be7d,,2016-08-18 09:32:31 UTC,admin
fb81979ec468ec74fdcbca9b60810e7d,,2017-05-08 09:53:37 UTC,chimimba
fba00d8220e315874e2196eb6bfb0e34,,2017-03-13 11:47:49 UTC,yamikani
fbbcd83329e2035878047f7a8015e7c3,,2016-10-03 13:11:07 UTC,admin
fbbcd83329e2035878047f7a80175619,,2016-10-03 09:12:26 UTC,admin
fbd6834930bb63b37a1ad739378b3e6c,,2016-05-11 13:11:26 UTC,
fc277def0c0eb4e0863a4ecfd2e722a4,,2015-09-05 08:34:21 UTC,admin
fc277def0c0eb4e0863a4ecfd2e89360,,2015-09-03 11:22:58 UTC,
fc277def0c0eb4e0863a4ecfd2e95d6e,,2015-09-02 12:53:24 UTC,admin
fc277def0c0eb4e0863a4ecfd2e9dd44,,2015-09-01 12:48:38 UTC,admin
fc277def0c0eb4e0863a4ecfd2e9f38c,,2015-09-01 12:32:43 UTC,admin
fc571f88a58c6a8a766db356dc190310,,2017-06-30 12:05:35 UTC,dkampeni
fc7630efc1cb6bc40a636bc78f54ba44,,2017-02-21 12:15:55 UTC,jchilenga
fc84e863e3e7b670092e8f85e5a5c445,,2017-02-16 12:46:54 UTC,rhoda
fd4b37de6b0102793d7bbb48aa1ed22d,,2015-12-05 12:02:05 UTC,admin
fd4b37de6b0102793d7bbb48aae1799d,,2015-12-15 13:10:34 UTC,admin
fd4b37de6b0102793d7bbb48aae225ba,,2015-12-15 12:14:07 UTC,admin
fd4b37de6b0102793d7bbb48aae36d62,,2015-12-14 13:03:17 UTC,admin
fdabe9b67e91f63690a425c1560b976a,,2016-12-15 11:52:09 UTC,admin
fdd17e7f0e99999d401ad158addb0a30,,2017-06-05 10:51:53 UTC,kacheche
fdec7bb4947412dd2ae44876fc9f67e2,,2016-05-09 12:21:05 UTC,admin
fe512138e3d780ae4eb889ab0ebd4073,,2017-04-27 14:00:46 UTC,rhoda
feaa38d1915ec84c885aaedc52f2719b,,2015-10-28 13:28:03 UTC,admin
ffa3e7fb987d9f92049348d73f4cc7d1,,2017-02-28 09:40:33 UTC,amwabumba
ffd057d4f1cc68c4c3905ce5bf5af655,,2016-11-25 09:38:27 UTC,admin
