Couch ID,Type of Birth
bc5589ec1ab85fc0900fd8afd1f48732,Second Twin
bc5589ec1ab85fc0900fd8afd1f49f09,Twin
bc5589ec1ab85fc0900fd8afd1f5881c,Twin
bc7aa1298db155467c95388bba0f7e23,Second Twin
bc7aa1298db155467c95388bba0f8129,Twin
bc7aa1298db155467c95388bba0fd982,Second Twin
bc7aa1298db155467c95388bba0fdfed,Twin
bcd7ffaffd0389a2d6c2a3cce169059a,Second Twin
bcd7ffaffd0389a2d6c2a3cce1690d55,Twin
bcd7ffaffd0389a2d6c2a3cce16a5349,Twin
bcd7ffaffd0389a2d6c2a3cce16a5fc4,Twin
bcd7ffaffd0389a2d6c2a3cce16b57d2,""
bcf60afd1711446dd64e80de7551becf,Second Twin
bcf60afd1711446dd64e80de7551ce37,Twin
bcf60afd1711446dd64e80de755313d8,Second Twin
bcf60afd1711446dd64e80de755316c9,Second Twin
bcf60afd1711446dd64e80de75531a64,Twin
bcf60afd1711446dd64e80de75d222da,Twin
bd03c2544c07afacf167c363790fe4df,Twin
bd1d3298566bda3c97601e06a91b51f3,""
bd22f79ad766a6ac477bb23201ac82cf,Second Twin
bd3795a86ef1ae502175084b8df97f8e,""
bd3795a86ef1ae502175084b8dfd9cce,""
bd77e8042bddc55027f690e927efdc12,""
be17b84a543626362b41263f9e07a1cc,Second Twin
be17b84a543626362b41263f9e07b07b,Twin
be2547645e99d465d25f5f0fde4a66b4,""
be49269bd4e724c0497af46fb863d75c,""
be5f0378f1f00a993ff9678ed00fbc48,Second Twin
be5f0378f1f00a993ff9678ed00fc002,Twin
be61d04875e899dcde33db4728c644ea,Twin
be8871265aff99ac795d135579034500,Twin
be8871265aff99ac795d135579bcd36d,Twin
be96422f268ddd80a3734ca9cc3b0bf8,Second Twin
be96422f268ddd80a3734ca9cc3b9e20,Twin
be96422f268ddd80a3734ca9cce106c5,Twin
be96422f268ddd80a3734ca9ccffc45f,Twin
be9b88c6df98bc79e95f43447518cad7,Twin
bea18e20a0e71ec5aaca1cea56195d24,Second Twin
bea18e20a0e71ec5aaca1cea56196b1b,Twin
bea18e20a0e71ec5aaca1cea5619704d,Second Twin
bea18e20a0e71ec5aaca1cea561977c4,Twin
bea18e20a0e71ec5aaca1cea561c3dd5,Second Twin
bea18e20a0e71ec5aaca1cea561c4469,Twin
bea18e20a0e71ec5aaca1cea561da94c,Second Twin
bea18e20a0e71ec5aaca1cea561daf0f,Twin
bea18e20a0e71ec5aaca1cea561ddb4d,Second Twin
bea18e20a0e71ec5aaca1cea561ddedd,Twin
bea18e20a0e71ec5aaca1cea561e04f1,Second Twin
bea18e20a0e71ec5aaca1cea561e5394,Second Twin
bea18e20a0e71ec5aaca1cea561e5aa2,Twin
bec48e0403c54dadcafe89d694139c14,Second Twin
bec48e0403c54dadcafe89d69413a7b3,Twin
bec48e0403c54dadcafe89d69454a8cf,Twin
bec48e0403c54dadcafe89d69454d276,Second Twin
bec48e0403c54dadcafe89d69454dbbd,Twin
bec48e0403c54dadcafe89d694557ecf,Second Twin
bec48e0403c54dadcafe89d694558b3f,Twin
bec48e0403c54dadcafe89d69455aa3f,Second Twin
bec48e0403c54dadcafe89d69455b6bc,Twin
bec48e0403c54dadcafe89d69455c2c3,Second Twin
bec48e0403c54dadcafe89d69455c2c4,Twin
bec48e0403c54dadcafe89d69457981a,Twin
bec48e0403c54dadcafe89d694999329,Second Twin
bec48e0403c54dadcafe89d694999624,Twin
bec48e0403c54dadcafe89d69499d9ac,Second Twin
bec48e0403c54dadcafe89d69499daca,Twin
bec48e0403c54dadcafe89d6949a7675,Second Twin
bec48e0403c54dadcafe89d6949a7e74,Twin
bec48e0403c54dadcafe89d6949abe1f,""
bec48e0403c54dadcafe89d6949ae23c,""
bec48e0403c54dadcafe89d6949b33c0,Twin
bec48e0403c54dadcafe89d6949c5eb5,Third Triplet
bec48e0403c54dadcafe89d6949c62c2,Second Triplet
bec48e0403c54dadcafe89d6949c6511,Triplet
becba71d4261a5853eb20230da21faa8,Twin
bf1073d7e3b23a8bf3024838555bde64,Twin
bf1073d7e3b23a8bf3024838555c09a3,Second Twin
bf1073d7e3b23a8bf3024838555c1290,Twin
bf1073d7e3b23a8bf302483855b9b2c8,""
bf1073d7e3b23a8bf302483855b9b6dc,Second Twin
bf1619fbfb6afb303e8a510d48dc7449,""
bf2af1c916d63b492f02524d3bce01d0,Second Twin
bf2af1c916d63b492f02524d3bce0cfe,Second Twin
bf2af1c916d63b492f02524d3bce15ef,First Twin
bf2af1c916d63b492f02524d3bceeccd,Second Twin
bf2af1c916d63b492f02524d3bcf082a,""
bf46c1660a0028e10dda08ba311b18f3,Second Twin
bf46c1660a0028e10dda08ba311b2180,First Twin
bf46c1660a0028e10dda08ba311b2eec,Second Twin
bf46c1660a0028e10dda08ba311ca4bc,Second Twin
bf46c1660a0028e10dda08ba311cafe5,First Twin
bf6061c98ee083c071a574db2351d437,Second Twin
bf7f5e776acab29ac340cfe43c55713a,Second Triplet
bf7f5e776acab29ac340cfe43c577d1d,Second Twin
bf7f5e776acab29ac340cfe43c578626,First Twin
bf7f5e776acab29ac340cfe43c59383e,Second Twin
bf7f5e776acab29ac340cfe43c593b61,First Twin
bf8c248a629c7db29b2348a5a88a46d3,Second Twin
bf8c248a629c7db29b2348a5a88a5425,Twin
bf8c248a629c7db29b2348a5a88cd16d,""
bf8c248a629c7db29b2348a5a88ce40a,Second Twin
bf8c248a629c7db29b2348a5a88cf27c,Twin
bf8c248a629c7db29b2348a5a88d8ebc,Twin
bf8c248a629c7db29b2348a5a88db6a7,Second Twin
bf8c248a629c7db29b2348a5a88dbf8c,Twin
bf8c248a629c7db29b2348a5a88dff9b,Second Twin
bf8c248a629c7db29b2348a5a88e02cd,Twin
bf9d2fe2db8ef703b7efb2bd08a6d173,Second Twin
bf9d2fe2db8ef703b7efb2bd08a6d3e1,Twin
bfa8790b0f064c7f503f0eba0f0ed10c,""
bfe7033eb8d61565af1b78d3635f81f1,Twin
bfe7033eb8d61565af1b78d3635ffdb7,Second Twin
bfe7033eb8d61565af1b78d36360070d,Twin
bfe7033eb8d61565af1b78d363600f02,Second Twin
bfe7033eb8d61565af1b78d363601237,Twin
bff67592c1532fa52d8c8afabe49b6ac,Second Twin
bff67592c1532fa52d8c8afabe49bf60,Twin
bff67592c1532fa52d8c8afabe4b9084,Second Twin
bff67592c1532fa52d8c8afabe4b928d,Twin
bff67592c1532fa52d8c8afabe4bbd5a,Second Twin
bff67592c1532fa52d8c8afabe4bc4c4,Twin
bff67592c1532fa52d8c8afabe4c7737,Second Twin
bff67592c1532fa52d8c8afabe4c7ac2,Twin
bff67592c1532fa52d8c8afabe4d5d5c,Second Twin
bff67592c1532fa52d8c8afabe4d691d,Twin
bff67592c1532fa52d8c8afabe4d73e7,Second Twin
bff67592c1532fa52d8c8afabe4d7c0d,Twin
bff67592c1532fa52d8c8afabe4db3ef,Twin
bff67592c1532fa52d8c8afabe4e038c,Second Twin
bff67592c1532fa52d8c8afabe4e04e9,Twin
bff67592c1532fa52d8c8afabe4fa32b,Second Twin
bff67592c1532fa52d8c8afabe4faac3,Twin
bff67592c1532fa52d8c8afabe50c50e,Second Twin
bff67592c1532fa52d8c8afabe50d097,Twin
bff67592c1532fa52d8c8afabe538aae,""
bff67592c1532fa52d8c8afabe5430ec,Second Twin
bff67592c1532fa52d8c8afabe543d71,Twin
bff67592c1532fa52d8c8afabe5654ff,""
bff67592c1532fa52d8c8afabe56b6c2,Twin
bff67592c1532fa52d8c8afabe58aa9b,Twin
bff67592c1532fa52d8c8afabe591e05,Second Twin
bff67592c1532fa52d8c8afabe592044,Twin
bff67592c1532fa52d8c8afabe598029,""
bff67592c1532fa52d8c8afabe59dd53,Twin
bff67592c1532fa52d8c8afabe5abc1c,Twin
bff67592c1532fa52d8c8afabe5ae33d,Twin
bff67592c1532fa52d8c8afabe5c76cb,Second Twin
bff67592c1532fa52d8c8afabe5c7758,Twin
bff67592c1532fa52d8c8afabe5d46ab,Second Twin
bff67592c1532fa52d8c8afabe5d4a87,Twin
bff67592c1532fa52d8c8afabe5dafcc,Second Twin
bff67592c1532fa52d8c8afabe5db21c,Twin
bff67592c1532fa52d8c8afabee6523a,Second Twin
c0bce5edbc466f22407fd0043570bd00,Twin
c0bce5edbc466f22407fd00435af5de5,Second Twin
c0d593b4b2b330d05559dd1fefa95e45,Second Twin
c0d605391754e05d8f38f5eab27b34d5,Twin
c0d605391754e05d8f38f5eab27b3fc4,Twin
c0d70d3c58ab4cb27c7f7c6751088018,Second Twin
c0e22b65394ecd8dafbcfcce917d5055,Twin
c11c1a5b4f0fa5243cfc0b58ba14b546,Twin
c140de93004c796c1c733129a8c16c2d,""
c1419175f519172b230b0a898c9a42f2,Second Twin
c1419175f519172b230b0a898c9a43b4,First Twin
c14ffc47ced4582bac8ac071d0bc569d,Second Twin
c14ffc47ced4582bac8ac071d0bc60a7,Twin
c17016ae79060e7b069b0e852bd3b705,""
c1a0188afce6eaf1cbb30ffc1e423a45,Twin
c1e39eebd465264df9277bc281fa2a57,""
c2066fd1115bb8dbe59eee98ae4ef29a,""
c20e4778779fda2b71bbe2f46c2fec21,""
c2563c39311cd116bddd489394fad090,""
c2563c39311cd116bddd489394fad2fc,""
c2573b18c40f510b49411f065133d890,Second Twin
c2573b18c40f510b49411f065171d515,Twin
c25ce00127a81393976586a06e2e8e68,Second Twin
c25ce00127a81393976586a06e6cf81b,Second Twin
c266a6c2fc4d7d453fc2377a1706d405,Second Twin
c266a6c2fc4d7d453fc2377a1706e18b,Twin
c266a6c2fc4d7d453fc2377a1706f11a,Second Twin
c266a6c2fc4d7d453fc2377a1706fec0,Twin
c266a6c2fc4d7d453fc2377a17071edf,Second Twin
c266a6c2fc4d7d453fc2377a17072b07,Twin
c285f8e8db123d605af07558af3d2019,Twin
c28f5d167f15181b2ae743300e8ad54a,""
c2c87045ac11b76c591c99fbecd2d5cf,Second Twin
c2c87045ac11b76c591c99fbecd2e2c8,Twin
c2ca02cc0fd8605dff85fae5a9b2e151,Second Twin
c2ca02cc0fd8605dff85fae5a9b2edd0,Twin
c2cdc929fbeef9d54a49d59c401e33c6,Second Twin
c2cdc929fbeef9d54a49d59c401e3521,Twin
c2ded73b974267829a60d43e67723243,""
c2ded73b974267829a60d43e6772ca9e,Second Twin
c2ded73b974267829a60d43e6772cedb,Twin
c2ec6b823352a8803eeb996a5cd79128,""
c2efe3dea4ea9df9104b9fa20e7adf76,""
c2fcdf0ea2c6ce4ad4500311cb68d2f5,Twin
c2fcdf0ea2c6ce4ad4500311cb68e0be,Twin
c2fcdf0ea2c6ce4ad4500311cb69b379,Second Twin
c2fcdf0ea2c6ce4ad4500311cb69b3a2,Twin
c33efbf205bc78441e65dff61f375407,""
c35ccd8068151e696e9ab10f345285b4,Twin
c380d4ee36d598e2d4c9805ba6147892,""
c38ce3ae78f821f163a3b1be2af9c625,Twin
c39c3dfeda7c14cb103db5017bb03ac1,Second Twin
c3b8a31ec200ffaeee44f6eb26334faf,Second Twin
c3b8a31ec200ffaeee44f6eb263358ac,Twin
c3b8a31ec200ffaeee44f6eb2635653e,""
c3b8a31ec200ffaeee44f6eb263669d1,Twin
c3b8a31ec200ffaeee44f6eb2636ccec,Second Twin
c3b8a31ec200ffaeee44f6eb2636d78d,Twin
c3b8a31ec200ffaeee44f6eb26393c67,Second Twin
c3b8a31ec200ffaeee44f6eb263941e1,Twin
c3b8a31ec200ffaeee44f6eb26397523,Second Twin
c3b8a31ec200ffaeee44f6eb26397bb2,Twin
c3b8a31ec200ffaeee44f6eb263b0c18,Second Twin
c3b8a31ec200ffaeee44f6eb263b0d9e,Twin
c3b8a31ec200ffaeee44f6eb263b478e,Second Twin
c3b8a31ec200ffaeee44f6eb263b56ca,Twin
c3b8a31ec200ffaeee44f6eb263c72e2,Second Twin
c3b8a31ec200ffaeee44f6eb263c7f5c,Twin
c3b8a31ec200ffaeee44f6eb263f6c50,Second Twin
c3b8a31ec200ffaeee44f6eb263f7983,Twin
c3b8a31ec200ffaeee44f6eb2642021e,Second Twin
c3b8a31ec200ffaeee44f6eb26420674,Twin
c3b8a31ec200ffaeee44f6eb26446b7a,Second Twin
c3b8a31ec200ffaeee44f6eb26447afe,Twin
c3b8a31ec200ffaeee44f6eb26464850,Second Twin
c3b8a31ec200ffaeee44f6eb264648d6,Twin
c3b8a31ec200ffaeee44f6eb2646ba39,Second Twin
c3b8a31ec200ffaeee44f6eb2646c2df,Twin
c3b8a31ec200ffaeee44f6eb2648bead,Second Twin
c3b8a31ec200ffaeee44f6eb2648bf63,Twin
c3b8a31ec200ffaeee44f6eb264906e2,Second Twin
c3b8a31ec200ffaeee44f6eb26490a87,Twin
c3b8a31ec200ffaeee44f6eb264aceb9,Twin
c3b8a31ec200ffaeee44f6eb264ce5ae,Second Twin
c3b8a31ec200ffaeee44f6eb264ce7da,Twin
c3b8a31ec200ffaeee44f6eb264cf770,Second Twin
c3b8a31ec200ffaeee44f6eb264cfe86,Twin
c3b8a31ec200ffaeee44f6eb264f5c85,Second Twin
c3b8a31ec200ffaeee44f6eb264f5eb4,Twin
c3c0afcdfe2112b88f8c0a4b87f85e7d,""
c3c382151de5417cb16f9ec389a36d40,Second Twin
c3c382151de5417cb16f9ec389a372d1,Twin
c3c382151de5417cb16f9ec389a37ec7,Second Twin
c3c382151de5417cb16f9ec389a38688,Twin
c3c382151de5417cb16f9ec389a3ce52,Second Twin
c3c382151de5417cb16f9ec389a3ce9d,Twin
c3c382151de5417cb16f9ec389a775d6,Second Twin
c3c382151de5417cb16f9ec389a7818e,Twin
c3c382151de5417cb16f9ec389a87a48,Second Twin
c3c382151de5417cb16f9ec389a889b2,Twin
c3c382151de5417cb16f9ec389a89bb4,""
c3c6b36796f59246f63f778755976cc3,Second Twin
c3c6b36796f59246f63f7787559779be,Twin
c3cbf9c834c03f6db2244b2e435d0c7d,""
c3cbf9c834c03f6db2244b2e435dc618,Second Twin
c3cbf9c834c03f6db2244b2e435dd5d5,Twin
c3cbf9c834c03f6db2244b2e435e704e,Second Twin
c3cbf9c834c03f6db2244b2e435e7d9f,Twin
c3cbf9c834c03f6db2244b2e435f8dd7,Second Twin
c3cbf9c834c03f6db2244b2e435f9093,Twin
c3cbf9c834c03f6db2244b2e43e12a13,Second Twin
c3cbf9c834c03f6db2244b2e43e12ddd,Twin
c3cbf9c834c03f6db2244b2e43e138af,Second Twin
c3cbf9c834c03f6db2244b2e43e1425f,Twin
c3cec50a4da0ee90c3967c2d5a7cbde3,""
c3e094c9a707b351037d056ce0c9d2dd,Twin
c3f6dec5ae76e694dcc3f13b9e98d93d,Twin
c423e517db703383421d65b55a5f7272,""
c42f63b886563022bfc0c1f1e869f841,Twin
c42f63b886563022bfc0c1f1e8e7e366,Second Twin
c43d69bc25a521e6f0e727abd2710e6a,""
c43d69bc25a521e6f0e727abd2718569,""
c43d69bc25a521e6f0e727abd271cc84,""
c43d69bc25a521e6f0e727abd271fb0d,""
c43d69bc25a521e6f0e727abd27232aa,Twin
c43d69bc25a521e6f0e727abd273d247,""
c43d69bc25a521e6f0e727abd27636f8,""
c43d69bc25a521e6f0e727abd2770b3d,Twin
c43d69bc25a521e6f0e727abd2773c1f,Twin
c43d69bc25a521e6f0e727abd27afd67,""
c43d69bc25a521e6f0e727abd27c8e34,Twin
c43d69bc25a521e6f0e727abd27f7b31,Second Twin
c43d69bc25a521e6f0e727abd27fbbac,Twin
c4543d03c28b489e074686a7734f9f20,Second Twin
c46d088e8909f405a7d8e846cba89297,Second Twin
c46d088e8909f405a7d8e846cba89844,Twin
c477f27f5650785504037315df50311f,Second Twin
c477f27f5650785504037315df503e7b,Twin
c4b1dc6e016c4d2f619d1cd0402c4f50,Second Twin
c4d20fecb8085ff5b57b734b7f1b89bf,Second Twin
c4d20fecb8085ff5b57b734b7f1b8b1b,Twin
c4d20fecb8085ff5b57b734b7f1e6cf1,Second Twin
c4d20fecb8085ff5b57b734b7f1e7a52,Twin
c4d20fecb8085ff5b57b734b7f1e85fd,Second Twin
c4d20fecb8085ff5b57b734b7f1e956e,Twin
c4d20fecb8085ff5b57b734b7fa39afe,Second Twin
c4d20fecb8085ff5b57b734b7fa39dd3,Twin
c4d20fecb8085ff5b57b734b7fa3d92e,Second Twin
c4d20fecb8085ff5b57b734b7fa3e465,Twin
c4d20fecb8085ff5b57b734b7fa69ee4,Second Twin
c4d20fecb8085ff5b57b734b7fa6a425,Twin
c4d20fecb8085ff5b57b734b7fa6eb98,Second Twin
c4d20fecb8085ff5b57b734b7fa6eff5,Twin
c4fb7315c1f0586782ee6e2d5d0b28df,Second Twin
c4fb7315c1f0586782ee6e2d5d0b38d7,Twin
c519be2021b15d719f4dd238ebac2ee1,Second Twin
c519be2021b15d719f4dd238ebac32d9,Twin
c522a092cf703f35bdefccb6344413ba,Twin
c522a092cf703f35bdefccb634c19642,Second Twin
c54871a96a8ccde9eed3c670688d3bd4,Second Twin
c562cd935730715fc919982bec3831eb,Twin
c562cd935730715fc919982bec383fc7,Second Twin
c562cd935730715fc919982bec384258,Twin
c562cd935730715fc919982becd5f25e,Second Twin
c562cd935730715fc919982becd5f49b,Twin
c562cd935730715fc919982becd6f5d0,Second Twin
c562cd935730715fc919982becd701d3,Twin
c562cd935730715fc919982becd70b66,Twin
c562cd935730715fc919982becd74d3b,Second Twin
c562cd935730715fc919982becd75bb4,Twin
c5b758f9035cbb74b143f60f4a1f825d,""
c5c831cd83cab74ebcfeaba2701e81ec,Second Twin
c5c831cd83cab74ebcfeaba2701e841d,Twin
c5d2dc70db75a596bf12d3236a4c535a,""
c5daf30e1559495c3acce38ed4bbd8ad,""
c640d8c816dca9a9bd30babcb00497fa,Twin
c6720e3d130ac96ce3e2ce92ac3aba3e,""
c6720e3d130ac96ce3e2ce92acb80698,Second Twin
c6720e3d130ac96ce3e2ce92acb81631,Twin
c67a7e724a3d18774b1f90940d9b3190,Second Twin
c67a7e724a3d18774b1f90940d9b3d1d,Twin
c699093b41353e6b879d53e9d5cbba1f,Second Twin
c699093b41353e6b879d53e9d5cbbda1,First Twin
c699093b41353e6b879d53e9d5cbc3e7,Second Twin
c699093b41353e6b879d53e9d5cbcb67,Second Twin
c6c1925b0bab617bfb79466088ad1a29,Second Twin
c6c1925b0bab617bfb79466088ad1bf2,Twin
c6c1925b0bab617bfb79466088ad6c7f,""
c6c1925b0bab617bfb79466088adf63e,""
c6c1925b0bab617bfb79466088b02263,Second Twin
c6c1925b0bab617bfb79466088b02d8d,Twin
c6c5e49b68a2f3e9737670a0c33ce2ab,Twin
c6cfd95fdb49a65ea39ab87afdfebb3b,""
c6eb58a91633013e2e6c8e09685a3c59,Second Twin
c6f809d2a226425ced67ae677993607d,Second Twin
c6f809d2a226425ced67ae6779936cfc,Twin
c6f809d2a226425ced67ae6779939cf9,Twin
c6f809d2a226425ced67ae677994db65,Twin
c713463e87442ca808d7b30542599127,Second Twin
c713463e87442ca808d7b305425ac5d2,Second Twin
c713463e87442ca808d7b305425c8d18,Second Twin
c713463e87442ca808d7b305425c8f1e,Twin
c7192a78ad248b73e05e6218ada17c54,Twin
c71a38d16187920e9f42c3b53ab04353,Second Twin
c71a38d16187920e9f42c3b53ab04ebd,Twin
c7434410438dc4df8c4c188eb4c33cde,Twin
c771c2f9dd486210f1d605a7ab7a43c9,Twin
c7a299e68cfdac1ee0ce0e711408f155,Second Twin
c7b8e3705d22ea97fad87b04a7867cd7,Second Twin
c7b8e3705d22ea97fad87b04a7868080,Third Triplet
c7b8e3705d22ea97fad87b04a7868eff,Second Triplet
c7b8e3705d22ea97fad87b04a7869e11,Triplet
c7b8e3705d22ea97fad87b04a7869edd,Twin
c7cd7e113c3fa707a0fbf30988e71045,Second Twin
c7cd7e113c3fa707a0fbf30988e717bd,Twin
c7cd7e113c3fa707a0fbf30988e785e2,""
c7d3d97c4ec5b566b1f957c0a3f76286,""
c7f418263878fd7f4fe58f7c7a5a9bec,Twin
c7f418263878fd7f4fe58f7c7a5aa5e8,Twin
c7f418263878fd7f4fe58f7c7a5ab4e8,Twin
c7f418263878fd7f4fe58f7c7ada559d,Second Twin
c807766a046cb328b7936a9f790f3a21,Second Twin
c807766a046cb328b7936a9f790f4078,First Twin
c813db914d129815da2fb1f1e4b7a2e3,""
c813db914d129815da2fb1f1e4b7b123,""
c813db914d129815da2fb1f1e4b7bbee,""
c813db914d129815da2fb1f1e4b7c7b2,""
c853852f79602acd417c9e5774360b6f,""
c853852f79602acd417c9e5774371245,""
c88e8b554f600b7f0715c2ee9ca58adc,""
c88f7af9a34f8480fd3a075fd35bdc65,""
c8afb1f79d1dc5ff6ed35b724d29f411,""
c8b25f88bd4a1f8f69a3cff373babd1f,""
c8c626debf4ddd1828fed737690e517d,Second Twin
c8c626debf4ddd1828fed737690e5ae7,Twin
c8c626debf4ddd1828fed737690f0f9f,Second Twin
c8c626debf4ddd1828fed737690f19f2,Twin
c8c626debf4ddd1828fed737690f1d30,Second Twin
c8c626debf4ddd1828fed737690f22bb,Twin
c8c626debf4ddd1828fed73769d8bd2d,Twin
c8c626debf4ddd1828fed73769d8c198,Second Twin
c8c626debf4ddd1828fed73769d90cc7,""
c8c626debf4ddd1828fed73769d9d4ec,Twin
c8c8082bbfefb0d2e2af9992610dcba5,Second Twin
c8c8082bbfefb0d2e2af9992616bfd09,Twin
c8c8082bbfefb0d2e2af999261e6ccb4,Twin
c8e0a55c0d039d47c360f72c7837ceb6,Twin
c8e0a55c0d039d47c360f72c78b44459,Second Twin
c8e22db3a97b3600d28ada113bd090fa,Second Twin
c8e22db3a97b3600d28ada113bd0a01f,Twin
c903023ec1df7273dc80eba9b1e0c72d,Twin
c95740235d1142b19756650520f09c15,Second Twin
c95740235d1142b19756650520f0a06d,Twin
c9602a3449d5f2b474dc3167209877f0,Second Twin
c9602a3449d5f2b474dc316720987f2b,Twin
c9602a3449d5f2b474dc31672099f916,Second Twin
c9602a3449d5f2b474dc31672099fdf3,Twin
c9decf729c9febc7f3ce9f6ca0fedfa7,""
c9e0c7c3dcc0c60e2a2e493d92ed85c4,Twin
c9e0c7c3dcc0c60e2a2e493d92eed5b4,Second Twin
c9e0c7c3dcc0c60e2a2e493d92eee38c,Twin
c9e0c7c3dcc0c60e2a2e493d92eef9ab,Twin
c9e0c7c3dcc0c60e2a2e493d92ef03d0,Twin
ca0c7f395b8146572b896742ae2f316f,Twin
ca0c7f395b8146572b896742ae6ddc77,Second Twin
ca11eaff88bb0a164ec4c1620d8d5f40,Second Twin
ca313d26572f7e81763b7a135dfc7d4e,Second Twin
ca5b480f15df90c60be7b3e3cdb89313,""
ca67211fe0c61c9585b14629e1f1235a,Second Twin
ca67211fe0c61c9585b14629e1f123f7,Twin
ca80634049e006a3b2ba7938b7c32a6c,Twin
ca80634049e006a3b2ba7938b7c38b73,Second Twin
ca80634049e006a3b2ba7938b7c390a7,""
ca9081265345497805b807b343a7fc87,Second Twin
ca9081265345497805b807b343a80ee0,Second Twin
ca9081265345497805b807b343a97d1e,Second Twin
cab87ac19163e0cd474f3dadf0af1957,Second Twin
cab87ac19163e0cd474f3dadf0af1c3a,Twin
caf40cb4a59283cda97c7800aad2fc9e,Twin
caff09e51e0e9b2d5e32dea57437e375,Twin
caff09e51e0e9b2d5e32dea574381d26,Twin
cb5b28ae0c236f468ec52c46dd921339,Second Twin
cb5b28ae0c236f468ec52c46dd921c7e,Twin
cb5b28ae0c236f468ec52c46dd923bff,Second Twin
cb609e6e4f447ec420b46be52ea1aaf2,Second Twin
cb609e6e4f447ec420b46be52ea1b0bb,Twin
cb6498bc7a11adfb7370b2e9c568d951,""
cb6498bc7a11adfb7370b2e9c5e7d5a1,Second Twin
cb6498bc7a11adfb7370b2e9c5e7db80,Twin
cb7717f54f4cb745e57b7879ac3348c5,Second Twin
cb7717f54f4cb745e57b7879ac334a61,Twin
cbd62f40f0f29966112a89f68da5b695,Second Twin
cbd62f40f0f29966112a89f68da5bb4c,Twin
cbfc732942eadeeee459a65f3a651b35,Second Twin
cbfc732942eadeeee459a65f3a65251f,Twin
cc0efa19c6cebc0f2486baaf68b8bcfc,""
cc2257078cabba981486d4ac4cb7509c,Second Twin
cc2f1f6f2583f29d0421d0bf6c1275b2,Third Triplet
cc2f1f6f2583f29d0421d0bf6c1280b1,Second Triplet
cc58e0899ee5dc10825c0366d1e5395b,Second Twin
cc58e0899ee5dc10825c0366d1e53f9a,""
cc75fe411ea688c5698291625d885b87,""
cc8662b9ef2c28dbe9eb0a077f480c3f,Twin
cc9b07f818feac25838bb0b4e7138379,Second Twin
cc9b07f818feac25838bb0b4e71392ff,Twin
ccc9452b7600be8050dba4b5031df343,Second Twin
ccc9452b7600be8050dba4b5031dfa40,Twin
ccc9452b7600be8050dba4b503567cc6,Second Twin
ccc9452b7600be8050dba4b5035681f2,Twin
ccc9452b7600be8050dba4b503572a28,Second Twin
ccc9452b7600be8050dba4b503572c98,Twin
ccc9452b7600be8050dba4b50357691f,Second Twin
ccc9452b7600be8050dba4b50357750d,Twin
ccc9452b7600be8050dba4b503579521,Second Twin
ccc9452b7600be8050dba4b50357a3ab,Twin
ccc9452b7600be8050dba4b50357b2df,Second Twin
ccc9452b7600be8050dba4b50357b444,Twin
ccc9452b7600be8050dba4b503587ed1,Second Twin
ccc9452b7600be8050dba4b5035885a9,Twin
ccc9452b7600be8050dba4b503590c66,Second Twin
ccc9452b7600be8050dba4b503590eaf,Twin
ccc9452b7600be8050dba4b503592ba2,Second Twin
ccc9452b7600be8050dba4b503592c2c,Twin
ccc9452b7600be8050dba4b503594053,Second Twin
ccc9452b7600be8050dba4b503594d1f,Twin
ccc9452b7600be8050dba4b5035977bc,Second Twin
ccc9452b7600be8050dba4b503597e9c,Twin
ccc9452b7600be8050dba4b50359b359,""
ccc9452b7600be8050dba4b5035ac34e,""
ccc9452b7600be8050dba4b5035b55d3,""
ccc9452b7600be8050dba4b5035c760d,Second Twin
ccc9452b7600be8050dba4b5035c766e,Twin
ccc9452b7600be8050dba4b5035cd17c,Second Twin
ccc9452b7600be8050dba4b5035cdec5,Twin
ccc9452b7600be8050dba4b5035d8f16,Second Twin
ccc9452b7600be8050dba4b5035d9ca1,Twin
ccc9452b7600be8050dba4b5035e7590,Second Twin
ccc9452b7600be8050dba4b5035e80b3,Twin
ccc9452b7600be8050dba4b5035f5311,Second Twin
ccc9452b7600be8050dba4b5035f5f47,Twin
ccc9452b7600be8050dba4b5035f89eb,Second Twin
ccc9452b7600be8050dba4b5035f8b1d,Twin
ccc9452b7600be8050dba4b503d8ae0f,Second Twin
ccc9452b7600be8050dba4b503d8bb40,Twin
ccd34cc900eca9e12cb73241afe5c949,""
cce0e3853873c9a10a056ddcb253ebe3,""
ccfb87c74b37f72090b3ea44ef2d121e,Second Twin
ccfb87c74b37f72090b3ea44ef2d2192,Twin
ccfeb326bea45355ea102627b2ec1dbf,Twin
cd066b9a982610725c136e3bcd621966,""
cd09aa9c715e1a2719a52e7b04c4558f,""
cd298c78ac25145e94bc5ff70908d94c,""
cd298c78ac25145e94bc5ff70967c84c,""
cd3d3885df09808933e4125e4fe0bd32,Twin
cd5743396a771dd3690ef59cfa104c99,""
cd5743396a771dd3690ef59cfa1050b9,Second Twin
cd5743396a771dd3690ef59cfa10582d,Twin
cd5743396a771dd3690ef59cfa10720a,""
cd5743396a771dd3690ef59cfa108042,""
cd5f3ea2d1acf13b0b78d8477f966145,Second Twin
cd5f3ea2d1acf13b0b78d8477f96618e,Twin
cd6bf9c091b50b3346726253dc437127,""
cd6bf9c091b50b3346726253dc83f027,""
cd6bf9c091b50b3346726253dca36c28,""
cd746724a07b6f90079edccbae46175c,""
cd8ede6f5302c5295c86c17b78d829e7,""
cde9a5e5dc02acbdfa2f9831706f2eb8,Second Twin
cde9a5e5dc02acbdfa2f9831706f3d11,Twin
cdf62867749a434ba792340968d6f8de,Second Twin
cdf62867749a434ba792340968d6f9d7,Twin
cdf7c0fac03204e96ce6a1724c94e2a9,Twin
ce09051c60e70f119a8dece832a31fe5,Second Twin
ce09051c60e70f119a8dece832a32c2b,Twin
ce1310fb2bff7271c202c478834953ab,Second Twin
ce1310fb2bff7271c202c47883495437,Twin
ce223ee62bf9b0dceca5fa781c079fc4,Second Twin
ce223ee62bf9b0dceca5fa781c07a279,First Twin
ce4054bdfafcb972d5db8dbfd9448d48,Twin
ce4054bdfafcb972d5db8dbfd9c18b60,Second Twin
ce5892874c2999509e3617c121526414,Twin
ce5892874c2999509e3617c1215265f5,Second Twin
ce6274b85fee37d0c01e8081d6a0fd1d,""
ce80003a8ad55f0485337b0585ee04a5,Twin
ceab115a0253b8d25c683575e9c80fbf,Second Twin
ceab115a0253b8d25c683575e9c81b45,Twin
cec2d1ed15ae1afbc5518fb6e412233b,Twin
cec3e7312cb3a432d51d96d0aa5fa8db,Second Twin
cec3e7312cb3a432d51d96d0aa5fb808,Twin
cec3e7312cb3a432d51d96d0aa608f70,Second Twin
cec3e7312cb3a432d51d96d0aa60988b,Twin
cec3e7312cb3a432d51d96d0aa613652,Twin
cec3e7312cb3a432d51d96d0aa6141c4,Twin
cec3e7312cb3a432d51d96d0aa6150d3,Second Twin
cec3e7312cb3a432d51d96d0aa615905,Twin
cec3e7312cb3a432d51d96d0aa61625a,Twin
cec3e7312cb3a432d51d96d0aa6170f5,Second Twin
cec3e7312cb3a432d51d96d0aa617a42,Second Twin
cec3e7312cb3a432d51d96d0aa6189c3,Twin
cec3e7312cb3a432d51d96d0aa623725,""
cec3e7312cb3a432d51d96d0aa6273e6,""
cec3e7312cb3a432d51d96d0aa6283cc,""
cec3e7312cb3a432d51d96d0aaa8efbd,""
cec3e7312cb3a432d51d96d0aaa8f112,""
cec3e7312cb3a432d51d96d0aaeacc8c,""
cec3e7312cb3a432d51d96d0aaeaf5d0,Second Twin
cec3e7312cb3a432d51d96d0aaeaf70a,Twin
ced8603a4647d07de5447cceab1baf35,Twin
cee3edd9f1b0a9034afc84be04a18359,Second Twin
cee3edd9f1b0a9034afc84be04a1920f,Twin
cee3edd9f1b0a9034afc84be04a23f89,""
cee3edd9f1b0a9034afc84be04a270be,Twin
cee3edd9f1b0a9034afc84be04a2f490,""
cee3edd9f1b0a9034afc84be04a31e9b,Twin
cee3edd9f1b0a9034afc84be04a32c7e,Twin
cee3edd9f1b0a9034afc84be04a32dcd,Second Twin
cee3edd9f1b0a9034afc84be04a332dd,Twin
cee3edd9f1b0a9034afc84be04a37d28,Second Twin
cee3edd9f1b0a9034afc84be04a380b6,Twin
cee3edd9f1b0a9034afc84be04a3afee,Second Twin
cee3edd9f1b0a9034afc84be04a3b63a,Twin
cee3edd9f1b0a9034afc84be04a40a1d,Second Twin
cee3edd9f1b0a9034afc84be04a4170f,Twin
cee3edd9f1b0a9034afc84be04a44ce0,Second Twin
cee3edd9f1b0a9034afc84be04a4555a,Twin
cef5d2ea2ee8748cf9452214f4c7d6f7,""
cf0913b0005f7f8b340b493c35781954,Second Twin
cf0913b0005f7f8b340b493c35781cb9,Twin
cf5a1de9cf469e7700c97aa68f8b69d1,Twin
cf5a1de9cf469e7700c97aa68fca85d5,Second Twin
cf5d3a61b85ac93c25b950f5f58384c4,Twin
cf5d3a61b85ac93c25b950f5f583a132,""
cf5d3a61b85ac93c25b950f5f583b7f2,Second Twin
cf5d3a61b85ac93c25b950f5f583bc21,Twin
cf6294a08d82a7663bc9538775825e0e,Second Twin
cf6294a08d82a7663bc9538775826966,Twin
cf66c220904cb5bba9bc06366a82695a,Second Twin
cf66c220904cb5bba9bc06366a8278df,Twin
cf66c220904cb5bba9bc06366afdebaf,Second Twin
cf66c220904cb5bba9bc06366afdf373,Twin
cf6de6a1897b3a4597caccd7d988a7ed,Second Twin
cf6de6a1897b3a4597caccd7d988b51b,Twin
cf6de6a1897b3a4597caccd7d989c8ce,Second Twin
cf6de6a1897b3a4597caccd7d989d1ee,Twin
cf6de6a1897b3a4597caccd7d98a6f7e,Twin
cfa180ba345fe8f0b2539eb5c379e921,Twin
cfa180ba345fe8f0b2539eb5c379f0f7,Second Twin
cff2889c98d4e2b60458bff9dd19f709,""
d01e776674f38debf5ee32176c9dc20e,""
d030d70f04695f297f6ee883f8764732,Second Twin
d030d70f04695f297f6ee883f8f30937,Twin
d039f768e9b03bf9aebc1c4f1e64b201,""
d03a20e8e5e102f75803df0e97e6fbe6,Second Twin
d03c63f5be8043163bef74d46538b2ca,Twin
d03c63f5be8043163bef74d465b5c1d9,Second Twin
d06c41ba08dc9bf945533c2bfb84237f,Twin
d0801e5c63f9946b8b562c64982e1768,Second Twin
d0801e5c63f9946b8b562c64982e1e2f,Twin
d0801e5c63f9946b8b562c64986ae799,Twin
d0801e5c63f9946b8b562c64986dc44a,Second Twin
d0801e5c63f9946b8b562c64986dce57,Twin
d0801e5c63f9946b8b562c64986e2a94,Second Twin
d0801e5c63f9946b8b562c64986e2ebb,Twin
d0801e5c63f9946b8b562c64986ee76d,Twin
d0801e5c63f9946b8b562c64986f3909,Second Twin
d0801e5c63f9946b8b562c64986f4789,Twin
d0801e5c63f9946b8b562c64986f6081,Second Twin
d0801e5c63f9946b8b562c64986f6c91,Twin
d0d9424fb54b8bf10f4c39032a71c64d,""
d0d9424fb54b8bf10f4c39032a71e1fa,""
d11596db2a124b6a17e1f709d841cec4,Second Twin
d11596db2a124b6a17e1f709d841d409,Twin
d11e9b5a27d5a4b01c8231bfaac43d11,""
d14801ea39224bbb01539db5717026f3,Twin
d14801ea39224bbb01539db571ed5d2e,Second Twin
d14bce576ed3d996840ef65db2f4241a,Second Twin
d14bce576ed3d996840ef65db2f4321d,Twin
d17b13b9b1706a2988ac8a20d5c81307,Second Twin
d17b13b9b1706a2988ac8a20d5c813bb,Twin
d17b13b9b1706a2988ac8a20d5cbaa10,Twin
d17b13b9b1706a2988ac8a20d5ce6e86,Second Twin
d17b13b9b1706a2988ac8a20d5ce7b0c,Twin
d17b13b9b1706a2988ac8a20d5cebcdf,""
d17b13b9b1706a2988ac8a20d5cf0bc5,Twin
d1c1d9f40cbda52da01d70789627e82d,Twin
d1c1d9f40cbda52da01d707896286b0a,Twin
d1c1d9f40cbda52da01d707896287e5e,""
d20cdfdd859a92326efdf9008003d797,Twin
d20cdfdd859a92326efdf90080bfa05d,Second Twin
d226be82765431f7c2e0a03c9723ea9a,Second Twin
d22924a1cab1a5c78eb59100baf9733d,Twin
d229a61ddafc722fba55dc26cb9c0c17,""
d252beb8e768610c244570f6afac509e,Second Twin
d2985095c6b43909228e1934e904a269,Second Twin
d2a06b8f0bb0e5e3ca65e3beba1b3e64,Second Twin
d2a06b8f0bb0e5e3ca65e3beba1b4e24,Twin
d2a1b06c3f68b1508409a506e677124f,Second Twin
d2a1b06c3f68b1508409a506e6771af2,Twin
d2a7da09429278be0ab7bad9df85a61f,Twin
d2b52e64c9e3b224b54d75beae355e24,Second Twin
d2b52e64c9e3b224b54d75beae356ae4,Twin
d30886468e7b0308002b3e65b1ab7f29,Twin
d328503b56636874b2e247be821ee1a1,Second Twin
d328503b56636874b2e247be821eebf3,Twin
d3465cecdc9bee5059d95968074f386c,""
d36f4cc3b9de91aa11d506583aa19744,Second Twin
d36f4cc3b9de91aa11d506583aa19fe4,Second Twin
d36f4cc3b9de91aa11d506583aa1a5b1,Twin
d3869410ccb1b4ab89e18da48ce0012a,""
d3a7ea6200323dce1db5446a8b269c8d,Second Twin
d3a7ea6200323dce1db5446a8b26bfc4,First Twin
d3a7ea6200323dce1db5446a8b27408b,Second Twin
d3a7ea6200323dce1db5446a8b2771f7,""
d3a908161ac8b90f01b51c19fea72eee,Twin
d3a908161ac8b90f01b51c19fee4c22d,Second Twin
d3d9eb8fd62df79df3a7d7f8fe863e75,Twin
d3d9eb8fd62df79df3a7d7f8fe864ed8,Twin
d3eadbb5248dd4b30d1cdaf3b7539895,First Twin
d3eadbb5248dd4b30d1cdaf3b753b0b8,First Twin
d3eadbb5248dd4b30d1cdaf3b753c9e4,First Twin
d3eadbb5248dd4b30d1cdaf3b753e4af,Second Twin
d3eadbb5248dd4b30d1cdaf3b7547d63,First Twin
d3f29913d26d1de115f80368ee64bb58,""
d3f29913d26d1de115f80368ee64bf9d,""
d3f71976007639d69e49d0504847f0d2,""
d40ffa43127d2ff85bf9a1a10b6e99be,""
d4803cd3a27a0e89106ecd237bf14687,Twin
d48756f5f493f6874648c77806fc3dd2,""
d497086cfaab616ad6608ff3d423d632,""
d49a9904f1e899cb7db088f0be190fa1,""
d4ca48fb55f5ed96b2c3a17a2ea8e87f,Second Twin
d4ca48fb55f5ed96b2c3a17a2ea8f014,Twin
d4d0f846d7f90eba032113259f07b899,Second Twin
d4d0f846d7f90eba032113259f86004c,Twin
d4d0f846d7f90eba032113259f86182b,Second Twin
d4e2e6e588f49ed073d467674963c734,""
d4fc7150a892c5470efb96ef9c11c383,""
d4fc7150a892c5470efb96ef9c11ee5a,""
d502c7f534c4a23239727cecf61710ca,Second Twin
d502c7f534c4a23239727cecf61711ba,Second Twin
d5191aa77c19fc5a0b446d0fb9081d79,Twin
d51992bb43c96011f1ca5546bdc02c5f,Second Twin
d51992bb43c96011f1ca5546bdc0360c,Twin
d51992bb43c96011f1ca5546bdc07971,Twin
d51cb54835cb9e4891b6d8dd21d3b971,Second Twin
d51cb54835cb9e4891b6d8dd21d3c85a,Twin
d52bad09ea580e47701e51d9a8e6199a,Second Twin
d52bad09ea580e47701e51d9a8e61a7d,Twin
d52ff3784e7c267deb5ddd52d2a413a1,Twin
d5c0e936727c2a5636d5eec09847c3a2,""
d5c3a15d7737f7d90df83f0b1410cdd5,Second Twin
d5c3a15d7737f7d90df83f0b1410d80b,Twin
d5e3cae91b4a04a45e1d94aa320c6a69,""
d5e3cae91b4a04a45e1d94aa320c849e,Twin
d5e3cae91b4a04a45e1d94aa320ca1ce,Twin
d5e3cae91b4a04a45e1d94aa320cbdfc,Second Twin
d5e3cae91b4a04a45e1d94aa320dca73,""
d5e3cae91b4a04a45e1d94aa320ef6ca,Second Twin
d5e3cae91b4a04a45e1d94aa32132e70,""
d5e3cae91b4a04a45e1d94aa32163328,Twin
d5e3cae91b4a04a45e1d94aa32163b49,Second Twin
d5e3cae91b4a04a45e1d94aa32181fda,Second Twin
d5e3cae91b4a04a45e1d94aa321829f7,Twin
d5e3cae91b4a04a45e1d94aa32184fa9,Second Twin
d5e3cae91b4a04a45e1d94aa3218576b,Twin
d5e3cae91b4a04a45e1d94aa32186579,""
d5e3cae91b4a04a45e1d94aa3218e161,Twin
d5e3cae91b4a04a45e1d94aa3219b936,Second Twin
d5e3cae91b4a04a45e1d94aa3219d7f1,""
d5e3cae91b4a04a45e1d94aa3219dbe4,""
d5e3cae91b4a04a45e1d94aa3219fd01,""
d5e3cae91b4a04a45e1d94aa321ae972,Twin
d5e3cae91b4a04a45e1d94aa321af6d0,Twin
d5eea1f7c76b8e62ab31c9884a76e410,""
d5eea1f7c76b8e62ab31c9884a76f442,""
d5eea1f7c76b8e62ab31c9884a779de2,Second Twin
d5eea1f7c76b8e62ab31c9884a77ce15,Twin
d5eea1f7c76b8e62ab31c9884a781034,Second Twin
d5eea1f7c76b8e62ab31c9884a781d8c,Twin
d5eea1f7c76b8e62ab31c9884a7884d8,""
d5eea1f7c76b8e62ab31c9884a78968f,""
d5eea1f7c76b8e62ab31c9884af81b1f,Second Twin
d5eea1f7c76b8e62ab31c9884af81b2a,Twin
d5eea1f7c76b8e62ab31c9884af8eac4,Second Twin
d5eea1f7c76b8e62ab31c9884af8f954,Twin
d5eea1f7c76b8e62ab31c9884afa0bb0,Twin
d5eea1f7c76b8e62ab31c9884afa1c43,Second Twin
d5eea1f7c76b8e62ab31c9884afa26b7,Twin
d5fe1667dbf07664ac5b9c209a10ea57,""
d5fe1667dbf07664ac5b9c209a115626,Twin
d5fe1667dbf07664ac5b9c209a116b6e,Twin
d5fe1667dbf07664ac5b9c209a121946,Second Twin
d5fe1667dbf07664ac5b9c209a122310,Twin
d5fe1667dbf07664ac5b9c209a12511f,Twin
d5fe1667dbf07664ac5b9c209ab97664,""
d5fe1667dbf07664ac5b9c209ad856f3,""
d60319bac2820e820ebc1a2b0286d009,""
d631897330cbd32c437297d82418284a,""
d6420316eab92ae89ffb1d4d790626e7,""
d68894d0d5b8c61a620888e5666f5dc6,""
d69382e8ea7e6c295ef88d28d65d85dd,""
d69382e8ea7e6c295ef88d28d65deb7e,""
d69382e8ea7e6c295ef88d28d69d6b50,Second Twin
d69382e8ea7e6c295ef88d28d69d72b0,Twin
d69382e8ea7e6c295ef88d28d6dc8b54,""
d69382e8ea7e6c295ef88d28d6dc9a23,""
d69382e8ea7e6c295ef88d28d6dd93e5,Second Twin
d69382e8ea7e6c295ef88d28d6dd9f8c,Twin
d69382e8ea7e6c295ef88d28d6de0c32,""
d698a3bf338c4511ddedda39591b008a,""
d75b3dd54b723a9fab0fbce9428c06d9,Twin
d75d921f36c21f9f5edd8651eae5a05a,Second Twin
d75d921f36c21f9f5edd8651eae5a422,Twin
d75d921f36c21f9f5edd8651eae6063a,""
d7b01a0fe221699330e24b4a5c3d6003,Twin
d7ba94a6faa149ff42327d32a51d19be,""
d7d133b38680c084762edaedbc421cdb,Second Twin
d7d133b38680c084762edaedbc42248f,Twin
d7d133b38680c084762edaedbcc211fd,Second Twin
d7d133b38680c084762edaedbcc21440,Twin
d7f06e394d1a5a1e64ab6ab5621f7087,Twin
d7f06e394d1a5a1e64ab6ab5621f77ae,Second Twin
d7f06e394d1a5a1e64ab6ab5621f867d,Twin
d7f06e394d1a5a1e64ab6ab5629e264f,Second Twin
d7f06e394d1a5a1e64ab6ab5629e854a,Second Twin
d7f06e394d1a5a1e64ab6ab5629e9199,Twin
d7f06e394d1a5a1e64ab6ab562a0209e,Second Twin
