000dbcf799157fd8c24360d08027dd97,1003562
0010db1b167e8c7bfbcf9cd97a997a48,1003564
0031107eef3a8b2c578d5286583a6143,1003566
0031107eef3a8b2c578d528658f5dcff,1003568
0031107eef3a8b2c578d528658f79dee,10035610
0031107eef3a8b2c578d528658f95045,10035612
0031107eef3a8b2c578d528658f9a98b,10035614
00ca130415ed00c859079803bfc5891a,10035616
00f58f198d783b8d3c6511b00399430c,10035618
00f58f198d783b8d3c6511b0039949e5,10035621
0149b5f5d0a96ff8ec4c4b86781c2d86,10035623
0149b5f5d0a96ff8ec4c4b86781dcafd,10035625
0149b5f5d0a96ff8ec4c4b86781e6c05,10035627
0149b5f5d0a96ff8ec4c4b86781f7aba,10035629
0149b5f5d0a96ff8ec4c4b86789f5844,10035631
0149b5f5d0a96ff8ec4c4b86789f885d,10035633
