00060e09a300a048e17d3a7bd4226ac9,1003564966,
00060e09a300a048e17d3a7bd42275b4,1003564968,
00060e09a300a048e17d3a7bd4228ba1,1003564970,
00060e09a300a048e17d3a7bd4229367,1003564972,
00060e09a300a048e17d3a7bd4226ac9,1003564974,
00060e09a300a048e17d3a7bd42275b4,1003564976,
00060e09a300a048e17d3a7bd4228ba1,1003564978,
00060e09a300a048e17d3a7bd4226ac9,1003564980,
00060e09a300a048e17d3a7bd42275b4,1003564982,
00060e09a300a048e17d3a7bd4228ba1,1003564984,
00060e09a300a048e17d3a7bd4229367,1003564986,
00060e09a300a048e17d3a7bd4226ac9,1003564988,
00060e09a300a048e17d3a7bd42275b4,1003564990,
00060e09a300a048e17d3a7bd4228ba1,1003564992,
00060e09a300a048e17d3a7bd4229367,1003564994,
00060e09a300a048e17d3a7bd4229cd6,1003564996,
00060e09a300a048e17d3a7bd4226ac9,1003564998,
00060e09a300a048e17d3a7bd42275b4,1003565000,
00060e09a300a048e17d3a7bd4228ba1,1003565002,
00060e09a300a048e17d3a7bd4229367,1003565004,
00060e09a300a048e17d3a7bd4229cd6,1003565006,
00060e09a300a048e17d3a7bd4604bbf,1003565008,
000dbcf799157fd8c24360d08027dd97,1003565010,
0010db1b167e8c7bfbcf9cd97a997a48,1003565012,
0010db1b167e8c7bfbcf9cd97af9fad7,1003565014,
0010db1b167e8c7bfbcf9cd97a997a48,1003565016,
0010db1b167e8c7bfbcf9cd97af9fad7,1003565018,
0031107eef3a8b2c578d5286583a6143,1003565020,
0031107eef3a8b2c578d5286583a6143,1003565022,
0031107eef3a8b2c578d5286583a6143,1003565024,
0031107eef3a8b2c578d5286583a6143,1003565026,
0031107eef3a8b2c578d528658f5dcff,1003565028,
0031107eef3a8b2c578d528658f5dcff,1003565030,
0031107eef3a8b2c578d528658f5dcff,1003565032,
0031107eef3a8b2c578d528658f79dee,1003565034,
0031107eef3a8b2c578d528658f5dcff,1003565036,
0031107eef3a8b2c578d528658f79dee,1003565038,
0031107eef3a8b2c578d528658f79dee,1003565040,
0031107eef3a8b2c578d528658f95045,1003565042,
0031107eef3a8b2c578d528658f79dee,1003565044,
0031107eef3a8b2c578d528658f95045,1003565046,
0031107eef3a8b2c578d528658f9a98b,1003565048,
0031107eef3a8b2c578d528658f95045,1003565050,
0031107eef3a8b2c578d528658f9a98b,1003565052,
0031107eef3a8b2c578d528658f95045,1003565054,
0031107eef3a8b2c578d528658f9a98b,1003565056,
0031107eef3a8b2c578d528658f9a98b,1003565058,
007b3c32cb0f261d26d47c46a8440e13,1003565060,
007b3c32cb0f261d26d47c46a8440e13,1003565062,
007b3c32cb0f261d26d47c46a8440e13,1003565064,
00ca130415ed00c859079803bfc5891a,1003565066,
007b3c32cb0f261d26d47c46a8440e13,1003565068,
00ca130415ed00c859079803bfc5891a,1003565070,
00ca130415ed00c859079803bfc5891a,1003565072,
00f58f198d783b8d3c6511b00399430c,1003565074,
00f58f198d783b8d3c6511b0039949e5,1003565077,
00ca130415ed00c859079803bfc5891a,1003565079,
00f58f198d783b8d3c6511b00399430c,1003565081,
00f58f198d783b8d3c6511b0039949e5,1003565084,
00f58f198d783b8d3c6511b00399430c,1003565086,
00f58f198d783b8d3c6511b0039949e5,1003565089,
000dbcf799157fd8c24360d08027dd97,1003565091,
0010db1b167e8c7bfbcf9cd97a997a48,1003565093,
0010db1b167e8c7bfbcf9cd97af9fad7,1003565095,
0010db1b167e8c7bfbcf9cd97a997a48,1003565097,
0010db1b167e8c7bfbcf9cd97af9fad7,1003565099,
0031107eef3a8b2c578d5286583a6143,1003565101,
000dbcf799157fd8c24360d08027dd97,1003565103,
0010db1b167e8c7bfbcf9cd97a997a48,1003565105,
0010db1b167e8c7bfbcf9cd97af9fad7,1003565107,
0010db1b167e8c7bfbcf9cd97a997a48,1003565109,
0010db1b167e8c7bfbcf9cd97af9fad7,1003565111,
0031107eef3a8b2c578d5286583a6143,1003565113,
0031107eef3a8b2c578d5286583a6143,1003565115,
0031107eef3a8b2c578d5286583a6143,1003565117,
0031107eef3a8b2c578d5286583a6143,1003565119,
0031107eef3a8b2c578d528658f5dcff,1003565121,
0031107eef3a8b2c578d528658f5dcff,1003565123,
0031107eef3a8b2c578d528658f5dcff,1003565125,
0031107eef3a8b2c578d528658f79dee,1003565127,
0031107eef3a8b2c578d528658f5dcff,1003565129,
0031107eef3a8b2c578d528658f79dee,1003565131,
0031107eef3a8b2c578d528658f79dee,1003565133,
0031107eef3a8b2c578d528658f95045,1003565135,
0031107eef3a8b2c578d528658f79dee,1003565137,
0031107eef3a8b2c578d528658f95045,1003565139,
0031107eef3a8b2c578d528658f9a98b,1003565141,
00060e09a300a048e17d3a7bd4226ac9,1003562,
00060e09a300a048e17d3a7bd42275b4,1003563,
00060e09a300a048e17d3a7bd4228ba1,1003564,
00060e09a300a048e17d3a7bd4229367,1003565,
00060e09a300a048e17d3a7bd4229cd6,1003566,
00060e09a300a048e17d3a7bd4604bbf,1003567,
00060e09a300a048e17d3a7bd4de923c,1003568,
000daa16a54483ecd9a0e75a9d36c8ad,1003569,
000daa16a54483ecd9a0e75a9db3df74,10035610,
000daa16a54483ecd9a0e75a9db3ebbb,10035611,
000daa16a54483ecd9a0e75a9db3fb73,10035612,
000daa16a54483ecd9a0e75a9db3fbdb,10035613,
000daa16a54483ecd9a0e75a9db40402,10035614,
000dbcf799157fd8c24360d08027e620,10035615,
000dbcf799157fd8c24360d08027eb32,10035616,
000dbcf799157fd8c24360d08027f939,10035617,
000dbcf799157fd8c24360d08027ff3e,10035618,
000dbcf799157fd8c24360d08028002f,10035619,
000dbcf799157fd8c24360d0806cc333,10035620,
000dbcf799157fd8c24360d0806cc889,10035621,
000dbcf799157fd8c24360d0806cd31d,10035622,
000dbcf799157fd8c24360d0806cd720,10035623,
000dbcf799157fd8c24360d0806ce29f,10035624,
000dbcf799157fd8c24360d080af4f0e,10035625,
000dbcf799157fd8c24360d080eea6d8,10035626,
000dbcf799157fd8c24360d080eea9ea,10035627,
000dbcf799157fd8c24360d080eeb08d,10035628,
0010db1b167e8c7bfbcf9cd97a998755,10035629,
0010db1b167e8c7bfbcf9cd97a998dd2,10035630,
0010db1b167e8c7bfbcf9cd97a9996b5,10035631,
0010db1b167e8c7bfbcf9cd97a9998bf,10035632,
0010db1b167e8c7bfbcf9cd97a99a533,10035633,
0010db1b167e8c7bfbcf9cd97a99aa2e,10035634,
0010db1b167e8c7bfbcf9cd97af9bf96,10035635,
0010db1b167e8c7bfbcf9cd97af9ce33,10035636,
0010db1b167e8c7bfbcf9cd97af9d489,10035637,
0010db1b167e8c7bfbcf9cd97af9ed2f,10035638,
0010db1b167e8c7bfbcf9cd97afa0955,10035639,
0010db1b167e8c7bfbcf9cd97afa111a,10035640,
0010db1b167e8c7bfbcf9cd97afa132a,10035641,
0010db1b167e8c7bfbcf9cd97afa1c8c,10035642,
0010db1b167e8c7bfbcf9cd97afa24ee,10035643,
00111838345a72d193c7ebb95b5bf642,10035644,
00111838345a72d193c7ebb95b5c0345,10035645,
00111838345a72d193c7ebb95bd8ea13,10035646,
00111838345a72d193c7ebb95bd8f62e,10035647,
00111838345a72d193c7ebb95bd8f7c3,10035648,
0020c18f21077e0741aa15c0ba143f29,10035649,
0020c18f21077e0741aa15c0ba144319,10035650,
0020c18f21077e0741aa15c0ba929a49,10035651,
0031107eef3a8b2c578d52865838ab66,10035652,
0031107eef3a8b2c578d52865838b663,10035653,
0031107eef3a8b2c578d52865838c57a,10035654,
0031107eef3a8b2c578d52865838c744,10035655,
0031107eef3a8b2c578d52865838d125,10035656,
0031107eef3a8b2c578d52865838d130,10035657,
0031107eef3a8b2c578d52865838d3df,10035658,
0031107eef3a8b2c578d52865838e3cf,10035659,
0031107eef3a8b2c578d52865838e544,10035660,
0031107eef3a8b2c578d52865838ef6d,10035661,
0031107eef3a8b2c578d52865838f822,10035662,
0031107eef3a8b2c578d52865839056c,10035663,
0031107eef3a8b2c578d528658390f98,10035664,
0031107eef3a8b2c578d5286583919d4,10035665,
0031107eef3a8b2c578d528658392209,10035666,
0031107eef3a8b2c578d52865839244c,10035667,
0031107eef3a8b2c578d5286583932e5,10035668,
0031107eef3a8b2c578d528658393dff,10035669,
0031107eef3a8b2c578d52865839402d,10035670,
0031107eef3a8b2c578d528658394ffe,10035671,
0031107eef3a8b2c578d528658395a55,10035672,
0031107eef3a8b2c578d5286583961b0,10035673,
0031107eef3a8b2c578d5286583967cf,10035674,
0031107eef3a8b2c578d528658397466,10035675,
0031107eef3a8b2c578d5286583979a8,10035676,
0031107eef3a8b2c578d528658397b3a,10035677,
0031107eef3a8b2c578d5286583980b7,10035678,
0031107eef3a8b2c578d5286583981d0,10035679,
0031107eef3a8b2c578d528658398a84,10035680,
0031107eef3a8b2c578d52865839922b,10035681,
0031107eef3a8b2c578d528658399746,10035682,
0031107eef3a8b2c578d528658399c92,10035683,
0031107eef3a8b2c578d52865839ac19,10035684,
0031107eef3a8b2c578d52865839b791,10035685,
0031107eef3a8b2c578d52865839bbed,10035686,
0031107eef3a8b2c578d52865839c45b,10035687,
0031107eef3a8b2c578d52865839c75a,10035688,
0031107eef3a8b2c578d52865839d620,10035689,
0031107eef3a8b2c578d52865839d9be,10035690,
0031107eef3a8b2c578d52865839decb,10035691,
0031107eef3a8b2c578d52865839ebac,10035692,
0031107eef3a8b2c578d52865839f01e,10035693,
0031107eef3a8b2c578d52865839f188,10035694,
0031107eef3a8b2c578d52865839f5e7,10035695,
0031107eef3a8b2c578d52865839fd56,10035696,
00060e09a300a048e17d3a7bd4226ac9,10035697,
00060e09a300a048e17d3a7bd42275b4,10035698,
00060e09a300a048e17d3a7bd4228ba1,10035699,
00060e09a300a048e17d3a7bd4229367,100356100,
00060e09a300a048e17d3a7bd4229cd6,100356101,
00060e09a300a048e17d3a7bd4604bbf,100356102,
00060e09a300a048e17d3a7bd4de923c,100356103,
000daa16a54483ecd9a0e75a9d36c8ad,100356104,
000daa16a54483ecd9a0e75a9db3df74,100356105,
00060e09a300a048e17d3a7bd4226ac9,1003562,
00060e09a300a048e17d3a7bd42275b4,1003563,
00060e09a300a048e17d3a7bd4228ba1,1003564,
00060e09a300a048e17d3a7bd4226ac9,1003562,
00060e09a300a048e17d3a7bd42275b4,1003563,
00060e09a300a048e17d3a7bd4228ba1,1003564,
00060e09a300a048e17d3a7bd4226ac9,1003565,
00060e09a300a048e17d3a7bd42275b4,1003566,
00060e09a300a048e17d3a7bd4228ba1,1003567,
00060e09a300a048e17d3a7bd4226ac9,1003568,
00060e09a300a048e17d3a7bd42275b4,1003569,
00060e09a300a048e17d3a7bd4228ba1,10035610,
